Key,SourceString
"AbsoluteNumber_DisplayName","Absolute"
"AbsoluteNumber_Description","Returns absolute of input"
"AbsoluteNumber_Inputs_0_Description",""
"AbsoluteNumber_Outputs_0_Description",""
"ACosDeg_DisplayName","ACos (Degrees)"
"ACosDeg_Description","Returns arccos(Deg)"
"ACosDeg_Inputs_0_Description",""
"ACosDeg_Outputs_0_Description",""
"ACosRad_DisplayName","ACos (Radians)"
"ACosRad_Description","Returns arccos(Rad)"
"ACosRad_Inputs_0_Description",""
"ACosRad_Outputs_0_Description",""
"AddNumbers_DisplayName","Add"
"AddNumbers_Description","Adds all inputs together"
"AddNumbers_Modes_0_DisplayName","Default"
"AddNumbers_Modes_0_Description","Default mode of this gate.\r\nAdds all inputs together."
"AddNumbers_Modes_0_Inputs_0_Description",""
"AddNumbers_Modes_0_Inputs_1_Description",""
"AddNumbers_Modes_0_Inputs_2_Description",""
"AddNumbers_Modes_0_Inputs_3_Description",""
"AddNumbers_Modes_0_Inputs_4_Description",""
"AddNumbers_Modes_0_Inputs_5_Description",""
"AddNumbers_Modes_0_Inputs_6_Description",""
"AddNumbers_Modes_0_Inputs_7_Description",""
"AddNumbers_Modes_0_Outputs_0_Description",""
"AddNumbers_Modes_1_DisplayName","Array"
"AddNumbers_Modes_1_Description","Array mode of this gate.\r\nHas a number array input, adds all array elements together."
"AddNumbers_Modes_1_Inputs_0_Description",""
"AddNumbers_Modes_1_Outputs_0_Description",""
"AddNumbers_Modes_2_DisplayName","Add to each array element"
"AddNumbers_Modes_2_Description","Has a number array input and value input.\r\nAdds a value to each element in the array and returns the modified array."
"AddNumbers_Modes_2_Inputs_0_Description",""
"AddNumbers_Modes_2_Inputs_1_Description",""
"AddNumbers_Modes_2_Outputs_0_Description",""
"AdjustableSlider_DisplayName","Slider"
"AdjustableSlider_Description","Slider with adjustable min and max values."
"AdjustableSlider_Inputs_0_DisplayName","Min Value"
"AdjustableSlider_Inputs_0_Description",""
"AdjustableSlider_Inputs_1_DisplayName","Max Value"
"AdjustableSlider_Inputs_1_Description",""
"AdjustableSlider_Outputs_0_Description",""
"AdjustableSlider_Outputs_1_DisplayName","Min value"
"AdjustableSlider_Outputs_1_Description",""
"AdjustableSlider_Outputs_2_DisplayName","Max value"
"AdjustableSlider_Outputs_2_Description",""
"AdjustableSlider_Outputs_3_DisplayName","Normalized"
"AdjustableSlider_Outputs_3_Description","Value normalized to a 0-1 range"
"AND_Gate_DisplayName","AND (All)"
"AND_Gate_Description","Returns true if all connected inputs are true"
"AND_Gate_Modes_0_DisplayName","Default"
"AND_Gate_Modes_0_Description","Default mode of this gate.\r\nReturns true if all connected inputs are true."
"AND_Gate_Modes_0_Inputs_0_Description",""
"AND_Gate_Modes_0_Inputs_1_Description",""
"AND_Gate_Modes_0_Inputs_2_Description",""
"AND_Gate_Modes_0_Inputs_3_Description",""
"AND_Gate_Modes_0_Inputs_4_Description",""
"AND_Gate_Modes_0_Inputs_5_Description",""
"AND_Gate_Modes_0_Inputs_6_Description",""
"AND_Gate_Modes_0_Inputs_7_Description",""
"AND_Gate_Modes_0_Outputs_0_Description",""
"AND_Gate_Modes_1_DisplayName","Array"
"AND_Gate_Modes_1_Description","Array mode of this gate.\r\nHas a bool array input, returns true if all array elements are true."
"AND_Gate_Modes_1_Inputs_0_Description",""
"AND_Gate_Modes_1_Outputs_0_Description",""
"AppendString_DisplayName","Join strings"
"AppendString_Description","Adds all input strings into one."
"AppendString_Modes_0_DisplayName","Join strings"
"AppendString_Modes_0_Description","Adds all input strings into one."
"AppendString_Modes_0_Inputs_0_DisplayName","Separator"
"AppendString_Modes_0_Inputs_0_Description",""
"AppendString_Modes_0_Inputs_1_Description",""
"AppendString_Modes_0_Inputs_2_Description",""
"AppendString_Modes_0_Inputs_3_Description",""
"AppendString_Modes_0_Inputs_4_Description",""
"AppendString_Modes_0_Inputs_5_Description",""
"AppendString_Modes_0_Inputs_6_Description",""
"AppendString_Modes_0_Inputs_7_Description",""
"AppendString_Modes_0_Inputs_8_Description",""
"AppendString_Modes_0_Outputs_0_Description",""
"AppendString_Modes_1_DisplayName","Join strings (Array mode)"
"AppendString_Modes_1_Description","Accepts a string array and a string separator. \r\nAdds all array elements together putting separator between them"
"AppendString_Modes_1_Inputs_0_Description",""
"AppendString_Modes_1_Inputs_1_DisplayName","Separator"
"AppendString_Modes_1_Inputs_1_Description",""
"AppendString_Modes_1_Outputs_0_Description",""
"ArrayAdd_DisplayName","Add element to array"
"ArrayAdd_Description","Adds a new element to the end of the array."
"ArrayAdd_Inputs_0_Description",""
"ArrayAdd_Inputs_1_Description",""
"ArrayAdd_Outputs_0_Description",""
"ArrayContains_DisplayName","Array Check"
"ArrayContains_Description","Checks if array contains a specific element."
"ArrayContains_Inputs_0_Description",""
"ArrayContains_Inputs_1_Description",""
"ArrayContains_Outputs_0_Description",""
"ArrayGet_DisplayName","Get element from array"
"ArrayGet_Description","Accepts any array, outputs the element at specified index."
"ArrayGet_Inputs_0_Description",""
"ArrayGet_Inputs_1_Description",""
"ArrayGet_Outputs_0_Description",""
"ArrayInsert_DisplayName","Insert element in array"
"ArrayInsert_Description","Inserts element in the array at specified index.\r\nIndex must be valid for the gate to work."
"ArrayInsert_Inputs_0_Description",""
"ArrayInsert_Inputs_1_Description",""
"ArrayInsert_Inputs_2_Description",""
"ArrayInsert_Outputs_0_Description",""
"ArrayLength_DisplayName","Array Length"
"ArrayLength_Description","Returns length of an array."
"ArrayLength_Inputs_0_Description",""
"ArrayLength_Outputs_0_DisplayName","Length"
"ArrayLength_Outputs_0_Description",""
"ArrayRemove_DisplayName","Remove element in array"
"ArrayRemove_Description","Removes element in the array at specified index."
"ArrayRemove_Inputs_0_Description",""
"ArrayRemove_Inputs_1_Description",""
"ArrayRemove_Outputs_0_Description",""
"ArraySet_DisplayName","Set element in array"
"ArraySet_Description","Replaces element in the array at specified index."
"ArraySet_Inputs_0_Description",""
"ArraySet_Inputs_1_Description",""
"ArraySet_Inputs_2_Description",""
"ArraySet_Outputs_0_Description",""
"ASinDeg_DisplayName","ASin (Degrees)"
"ASinDeg_Description","Returns arcsin(Deg)"
"ASinDeg_Inputs_0_DisplayName","Deg"
"ASinDeg_Inputs_0_Description",""
"ASinDeg_Outputs_0_Description",""
"ASinRad_DisplayName","ASin (Radians)"
"ASinRad_Description","Returns arcsin(Rad)"
"ASinRad_Inputs_0_DisplayName","Rad"
"ASinRad_Inputs_0_Description",""
"ASinRad_Outputs_0_Description",""
"ATan2Deg_DisplayName","Atan2 (Deg)"
"ATan2Deg_Description","Atan2(X,Y)"
"ATan2Deg_Inputs_0_DisplayName","Y"
"ATan2Deg_Inputs_0_Description",""
"ATan2Deg_Inputs_1_DisplayName","X"
"ATan2Deg_Inputs_1_Description",""
"ATan2Deg_Outputs_0_Description",""
"ATan2Rad_DisplayName","Atan2 (Rad)"
"ATan2Rad_Description","Atan2(X,Y)"
"ATan2Rad_Inputs_0_DisplayName","Y"
"ATan2Rad_Inputs_0_Description",""
"ATan2Rad_Inputs_1_DisplayName","X"
"ATan2Rad_Inputs_1_Description",""
"ATan2Rad_Outputs_0_Description",""
"ATanDeg_DisplayName","ATan (Degrees)"
"ATanDeg_Description","Returns arctan(Deg)"
"ATanDeg_Inputs_0_DisplayName","Deg"
"ATanDeg_Inputs_0_Description",""
"ATanDeg_Outputs_0_Description",""
"ATanRad_DisplayName","ATan (Radians)"
"ATanRad_Description","Returns arctan(Rad)"
"ATanRad_Inputs_0_DisplayName","Rad"
"ATanRad_Inputs_0_Description",""
"ATanRad_Outputs_0_Description",""
"BooleanSelect_DisplayName","If-Else / Select one from list"
"BooleanSelect_Description","Allows to select from two or more values based on a value.\r\nI.e. if value is true then output one value, else output a different one.\r\n\r\nHas 2 modes: 2 values and scaling list."
"BooleanSelect_Modes_0_DisplayName","IF ELSE"
"BooleanSelect_Modes_0_Description","Accepts a bool and 2 values of any type.\r\nWhen bool is false, returns first value.\r\nWhen bool is true, returns second value."
"BooleanSelect_Modes_0_Inputs_0_Description",""
"BooleanSelect_Modes_0_Inputs_1_DisplayName","False"
"BooleanSelect_Modes_0_Inputs_1_Description",""
"BooleanSelect_Modes_0_Inputs_2_DisplayName","True"
"BooleanSelect_Modes_0_Inputs_2_Description",""
"BooleanSelect_Modes_0_Outputs_0_Description",""
"BooleanSelect_Modes_1_DisplayName","Select"
"BooleanSelect_Modes_1_Description","Allows you to select one item out of a list. \r\nScales the input list when the last item in the list is connected."
"BooleanSelect_Modes_1_Outputs_0_Description",""
"BoolPixel_DisplayName","Lightbulb"
"BoolPixel_Description","Based on bool value, switches between 2 configurable colors."
"BoolPixel_Inputs_0_Description",""
"BoolPixel_Inputs_1_DisplayName","Glow"
"BoolPixel_Inputs_1_Description",""
"BoolPixel_Inputs_2_DisplayName","Color - False"
"BoolPixel_Inputs_2_Description",""
"BoolPixel_Inputs_3_DisplayName","Color - True"
"BoolPixel_Inputs_3_Description",""
"BoolToNumber_DisplayName","Bool To Number"
"BoolToNumber_Description","Converts bool input to number output"
"BoolToNumber_Inputs_0_Description",""
"BoolToNumber_Outputs_0_Description",""
"BreakArray_DisplayName","Break Array"
"BreakArray_Description","Splits array into multiple outputs. Each element in the array is an output."
"BreakArray_Inputs_0_Description",""
"BreakColor_DisplayName","Break Color (HSVA)"
"BreakColor_Description","Splits color to HSVA values."
"BreakColor_Inputs_0_Description",""
"BreakColor_Outputs_0_DisplayName","H"
"BreakColor_Outputs_0_Description",""
"BreakColor_Outputs_1_DisplayName","S"
"BreakColor_Outputs_1_Description",""
"BreakColor_Outputs_2_DisplayName","V"
"BreakColor_Outputs_2_Description",""
"BreakColor_Outputs_3_Description",""
"BreakColorRGBA_DisplayName","Break Color (RGBA)"
"BreakColorRGBA_Description","Splits color to RGBA values."
"BreakColorRGBA_Inputs_0_Description",""
"BreakColorRGBA_Outputs_0_DisplayName","R"
"BreakColorRGBA_Outputs_0_Description",""
"BreakColorRGBA_Outputs_1_DisplayName","G"
"BreakColorRGBA_Outputs_1_Description",""
"BreakColorRGBA_Outputs_2_Description",""
"BreakColorRGBA_Outputs_3_Description",""
"BreakCustomStruct_DisplayName","Break Custom Struct"
"BreakCustomStruct_Description",""
"BreakCustomStruct_Inputs_0_Description",""
"BreakEntity_DisplayName","Break Entity"
"BreakEntity_Description","Accepts entity as an input, splits the info to separate outputs"
"BreakEntity_Inputs_0_Description",""
"BreakEntity_Outputs_0_DisplayName","Name"
"BreakEntity_Outputs_0_Description",""
"BreakEntity_Outputs_1_DisplayName","Display Name"
"BreakEntity_Outputs_1_Description",""
"BreakEntity_Outputs_2_DisplayName","Inventory (If any)"
"BreakEntity_Outputs_2_Description",""
"BreakEntity_Outputs_3_DisplayName","Position"
"BreakEntity_Outputs_3_Description",""
"BreakEntity_Outputs_4_DisplayName","Rotation"
"BreakEntity_Outputs_4_Description",""
"BreakEntity_Outputs_5_DisplayName","Velocity"
"BreakEntity_Outputs_5_Description",""
"BreakEntity_Outputs_6_DisplayName","Forward Vector"
"BreakEntity_Outputs_6_Description",""
"BreakEntity_Outputs_7_DisplayName","Up Vector"
"BreakEntity_Outputs_7_Description",""
"BreakEntity_Outputs_8_DisplayName","Right Vector"
"BreakEntity_Outputs_8_Description",""
"BreakEntity_Outputs_9_DisplayName","Is Player"
"BreakEntity_Outputs_9_Description",""
"BreakEntity_Outputs_10_DisplayName","Is Hostile"
"BreakEntity_Outputs_10_Description",""
"BreakEntity_Outputs_11_DisplayName","Is Friendly/Passive"
"BreakEntity_Outputs_11_Description",""
"BreakEntity_Outputs_12_DisplayName","Is Vehicle"
"BreakEntity_Outputs_12_Description",""
"BreakInventory_DisplayName","Break Inventory"
"BreakInventory_Description","Accepts inventory as an input, splits the info to separate outputs"
"BreakInventory_Inputs_0_Description",""
"BreakInventory_Inputs_1_DisplayName","Clear Inventory"
"BreakInventory_Inputs_1_Description",""
"BreakInventory_Outputs_0_DisplayName","Is Empty"
"BreakInventory_Outputs_0_Description",""
"BreakInventory_Outputs_1_DisplayName","Can Be Rearranged"
"BreakInventory_Outputs_1_Description",""
"BreakInventory_Outputs_2_DisplayName","Inventory Stacks"
"BreakInventory_Outputs_2_Description",""
"BreakInventory_Outputs_3_DisplayName","Occupied Slots Count"
"BreakInventory_Outputs_3_Description",""
"BreakInventory_Outputs_4_DisplayName","All Slots Occupied"
"BreakInventory_Outputs_4_Description",""
"BreakInventory_Outputs_5_DisplayName","Item Count (All Stacks)"
"BreakInventory_Outputs_5_Description",""
"BreakInventory_Outputs_6_DisplayName","Slots count"
"BreakInventory_Outputs_6_Description",""
"BreakItemAmount_DisplayName","Break Item Amount"
"BreakItemAmount_Description","Accepts item amount as an input, splits the info to separate outputs"
"BreakItemAmount_Inputs_0_Description",""
"BreakItemAmount_Outputs_0_DisplayName","Item Amount"
"BreakItemAmount_Outputs_0_Description",""
"BreakItemAmount_Outputs_1_DisplayName","Item Name"
"BreakItemAmount_Outputs_1_Description",""
"BreakItemAmount_Outputs_2_DisplayName","Item Description"
"BreakItemAmount_Outputs_2_Description",""
"BreakItemAmount_Outputs_3_DisplayName","Stack Size"
"BreakItemAmount_Outputs_3_Description",""
"BreakItemAmount_Outputs_4_DisplayName","Can Item Be Discarded"
"BreakItemAmount_Outputs_4_Description",""
"BreakItemAmount_Outputs_5_DisplayName","Item Icon Id"
"BreakItemAmount_Outputs_5_Description",""
"BreakItemStack_DisplayName","Break Item Stack"
"BreakItemStack_Description","Accepts item stack as input, splits info into separate outputs."
"BreakItemStack_Inputs_0_Description",""
"BreakItemStack_Outputs_0_DisplayName","Item Count"
"BreakItemStack_Outputs_0_Description",""
"BreakItemStack_Outputs_1_DisplayName","Item Name"
"BreakItemStack_Outputs_1_Description",""
"BreakItemStack_Outputs_2_DisplayName","Item Description"
"BreakItemStack_Outputs_2_Description",""
"BreakItemStack_Outputs_3_DisplayName","Stack Size"
"BreakItemStack_Outputs_3_Description",""
"BreakItemStack_Outputs_4_DisplayName","Can Item Be Discarded"
"BreakItemStack_Outputs_4_Description",""
"BreakItemStack_Outputs_5_DisplayName","Item Icon Id"
"BreakItemStack_Outputs_5_Description",""
"BreakPowerCircuit_DisplayName","Break Power Circuit"
"BreakPowerCircuit_Description","Accepts power circuit info as an input, splits the info to separate outputs"
"BreakPowerCircuit_Inputs_0_Description",""
"BreakPowerCircuit_Inputs_1_DisplayName","Reset Fuse"
"BreakPowerCircuit_Inputs_1_Description",""
"BreakPowerCircuit_Inputs_2_DisplayName","Trigger Fuse"
"BreakPowerCircuit_Inputs_2_Description",""
"BreakPowerCircuit_Inputs_3_DisplayName","Drain Batteries"
"BreakPowerCircuit_Inputs_3_Description",""
"BreakPowerCircuit_Outputs_0_DisplayName","Battery Sum Charge"
"BreakPowerCircuit_Outputs_0_Description",""
"BreakPowerCircuit_Outputs_1_DisplayName","Battery Sum Discharge"
"BreakPowerCircuit_Outputs_1_Description",""
"BreakPowerCircuit_Outputs_2_DisplayName","Battery Sum Stored Power"
"BreakPowerCircuit_Outputs_2_Description",""
"BreakPowerCircuit_Outputs_3_DisplayName","Battery Storage Capacity (MWh)"
"BreakPowerCircuit_Outputs_3_Description",""
"BreakPowerCircuit_Outputs_4_DisplayName","Battery Storage Capacity%"
"BreakPowerCircuit_Outputs_4_Description",""
"BreakPowerCircuit_Outputs_5_DisplayName","Seconds Until Full"
"BreakPowerCircuit_Outputs_5_Description",""
"BreakPowerCircuit_Outputs_6_DisplayName","Seconds Until Empty"
"BreakPowerCircuit_Outputs_6_Description",""
"BreakPowerCircuit_Outputs_7_DisplayName","Has Batteries"
"BreakPowerCircuit_Outputs_7_Description",""
"BreakPowerCircuit_Outputs_8_DisplayName","Has Power"
"BreakPowerCircuit_Outputs_8_Description",""
"BreakPowerCircuit_Outputs_9_DisplayName","Fuse Triggered"
"BreakPowerCircuit_Outputs_9_Description",""
"BreakPowerCircuit_Outputs_10_DisplayName","Produced Power"
"BreakPowerCircuit_Outputs_10_Description",""
"BreakPowerCircuit_Outputs_11_DisplayName","Consumed Power"
"BreakPowerCircuit_Outputs_11_Description",""
"BreakPowerCircuit_Outputs_12_DisplayName","Max Consumption"
"BreakPowerCircuit_Outputs_12_Description",""
"BreakPowerCircuit_Outputs_13_DisplayName","Power Capacity"
"BreakPowerCircuit_Outputs_13_Description",""
"BreakPowerCircuit_Outputs_14_DisplayName","Production Graph"
"BreakPowerCircuit_Outputs_14_Description",""
"BreakPowerCircuit_Outputs_15_DisplayName","Consumption Graph"
"BreakPowerCircuit_Outputs_15_Description",""
"BreakPowerCircuit_Outputs_16_DisplayName","Max Consumption Graph"
"BreakPowerCircuit_Outputs_16_Description",""
"BreakPowerCircuit_Outputs_17_DisplayName","Capacity Graph"
"BreakPowerCircuit_Outputs_17_Description",""
"BreakRecipe_DisplayName","Break Recipe"
"BreakRecipe_Description","Accepts recipe as an input, splits the info to separate outputs"
"BreakRecipe_Inputs_0_Description",""
"BreakRecipe_Outputs_0_DisplayName","Recipe Name"
"BreakRecipe_Outputs_0_Description",""
"BreakRecipe_Outputs_1_DisplayName","Ingredients"
"BreakRecipe_Outputs_1_Description",""
"BreakRecipe_Outputs_2_DisplayName","Products"
"BreakRecipe_Outputs_2_Description",""
"BreakRecipe_Outputs_3_DisplayName","Manufacturing time"
"BreakRecipe_Outputs_3_Description",""
"BreakVector_DisplayName","Split Vector"
"BreakVector_Description","Splits vector input to XYZ outputs"
"BreakVector_Inputs_0_Description",""
"BreakVector_Outputs_0_DisplayName","X"
"BreakVector_Outputs_0_Description",""
"BreakVector_Outputs_1_DisplayName","Y"
"BreakVector_Outputs_1_Description",""
"BreakVector_Outputs_2_DisplayName","Z"
"BreakVector_Outputs_2_Description",""
"Button_DisplayName","Button (Hold)"
"Button_Description","Outputs true as long as the user is holding the Use key."
"Button_Outputs_0_Description",""
"ButtonToggle_DisplayName","Button (Toggle)"
"ButtonToggle_Description","Switches output value on interact"
"ButtonToggle_Outputs_0_Description",""
"ChangeDetector_DisplayName","Change detector"
"ChangeDetector_Description","Detects when input changes and outputs a signal for a brief moment"
"ChangeDetector_Inputs_0_Description",""
"ChangeDetector_Outputs_0_Description",""
"CircularInterp_DisplayName","Circular Interpolation"
"CircularInterp_Description","Circular interpolation.\r\nHas 3 modes: IN, IN-OUT, OUT"
"CircularInterp_Modes_0_DisplayName","Circular IN"
"CircularInterp_Modes_0_Description","Default mode of this gate.\r\nUses \""Circular IN\"" for interpolation"
"CircularInterp_Modes_0_Inputs_0_Description",""
"CircularInterp_Modes_0_Inputs_1_Description",""
"CircularInterp_Modes_0_Inputs_2_Description",""
"CircularInterp_Modes_0_Outputs_0_Description",""
"CircularInterp_Modes_1_DisplayName","Circular IN-OUT"
"CircularInterp_Modes_1_Description","Uses \""Circular IN-OUT\"" for interpolation"
"CircularInterp_Modes_1_Inputs_0_Description",""
"CircularInterp_Modes_1_Inputs_1_Description",""
"CircularInterp_Modes_1_Inputs_2_Description",""
"CircularInterp_Modes_1_Outputs_0_Description",""
"CircularInterp_Modes_2_DisplayName","Circular OUT"
"CircularInterp_Modes_2_Description","Uses \""Circular OUT\"" for interpolation"
"CircularInterp_Modes_2_Inputs_0_Description",""
"CircularInterp_Modes_2_Inputs_1_Description",""
"CircularInterp_Modes_2_Inputs_2_Description",""
"CircularInterp_Modes_2_Outputs_0_Description",""
"ClampNumber_DisplayName","Clamp"
"ClampNumber_Description","Clamps the number between min and max"
"ClampNumber_Inputs_0_Description",""
"ClampNumber_Inputs_1_DisplayName","Min"
"ClampNumber_Inputs_1_Description",""
"ClampNumber_Inputs_2_DisplayName","Max"
"ClampNumber_Inputs_2_Description",""
"ClampNumber_Outputs_0_Description",""
"ClearArray_DisplayName","Clear array"
"ClearArray_Description","Returns an empty array of the same type."
"ClearArray_Inputs_0_Description",""
"ClearArray_Outputs_0_Description",""
"ColorSlotEditor_DisplayName","Light Color Slot Editor"
"ColorSlotEditor_Description","Allows to edit the color slots used for buildable lights. If input is not connected it does not change the color.\r\n\r\nOutputs an array of buildable light colors stored in the savefile."
"ColorSlotEditor_Inputs_0_DisplayName","Slot 1"
"ColorSlotEditor_Inputs_0_Description",""
"ColorSlotEditor_Inputs_1_DisplayName","Slot 2"
"ColorSlotEditor_Inputs_1_Description",""
"ColorSlotEditor_Inputs_2_DisplayName","Slot 3"
"ColorSlotEditor_Inputs_2_Description",""
"ColorSlotEditor_Inputs_3_DisplayName","Slot 4"
"ColorSlotEditor_Inputs_3_Description",""
"ColorSlotEditor_Inputs_4_DisplayName","Slot 5"
"ColorSlotEditor_Inputs_4_Description",""
"ColorSlotEditor_Inputs_5_DisplayName","Slot 6"
"ColorSlotEditor_Inputs_5_Description",""
"ColorSlotEditor_Inputs_6_DisplayName","Slot 7"
"ColorSlotEditor_Inputs_6_Description",""
"ColorSlotEditor_Outputs_0_DisplayName","Slots Values"
"ColorSlotEditor_Outputs_0_Description",""
"ColorToHexString_DisplayName","Color To Hex Code"
"ColorToHexString_Description","Converts color input to hex string (i.e. 001122FF)"
"ColorToHexString_Inputs_0_Description",""
"ColorToHexString_Outputs_0_Description",""
"Const_DisplayName","Constant"
"Const_Description","Allows you to create variables that you can use anywhere."
"Const_Outputs_0_DisplayName","Test"
"Const_Outputs_0_Description",""
"CosDeg_DisplayName","Cos (Degrees)"
"CosDeg_Description","Returns cos(Deg)"
"CosDeg_Inputs_0_DisplayName","Deg"
"CosDeg_Inputs_0_Description",""
"CosDeg_Outputs_0_Description",""
"CosRad_DisplayName","Cos (Radians)"
"CosRad_Description","Returns cos(Rad)"
"CosRad_Inputs_0_DisplayName","Rad"
"CosRad_Inputs_0_Description",""
"CosRad_Outputs_0_Description",""
"CrossProduct_DisplayName","Cross Product"
"CrossProduct_Description","Returns cross product of 2 vectors"
"CrossProduct_Inputs_0_DisplayName","In 1"
"CrossProduct_Inputs_0_Description",""
"CrossProduct_Inputs_1_DisplayName","In 2"
"CrossProduct_Inputs_1_Description",""
"CrossProduct_Outputs_0_Description",""
"CustomStructProcessor_DisplayName","Make Custom Struct"
"CustomStructProcessor_Description",""
"CustomStructProcessor_Outputs_0_Description",""
"D_Flip_Flop_DisplayName","D Flip Flop"
"D_Flip_Flop_Description","When CLK (clock type signal) is true, changes the output to whatever D is."
"D_Flip_Flop_Inputs_0_Description",""
"D_Flip_Flop_Inputs_1_DisplayName","CLK"
"D_Flip_Flop_Inputs_1_Description",""
"D_Flip_Flop_Outputs_0_Description",""
"DegToRad_DisplayName","Degrees To Radians"
"DegToRad_Description","Converts degrees input to radians"
"DegToRad_Inputs_0_DisplayName","Deg"
"DegToRad_Inputs_0_Description",""
"DegToRad_Outputs_0_DisplayName","Rad"
"DegToRad_Outputs_0_Description",""
"DeltaTime_DisplayName","Delta Time"
"DeltaTime_Description","Outputs how much time it took for satisfactory to process the last frame."
"DeltaTime_Outputs_0_Description",""
"DesaturateColor_DisplayName","Desaturate Color"
"DesaturateColor_Description","Returns a desaturated color.\r\nAccepts a number with 0 meaning no desaturation and 1 == full desaturation."
"DesaturateColor_Inputs_0_Description",""
"DesaturateColor_Inputs_1_DisplayName","Desaturation"
"DesaturateColor_Inputs_1_Description",""
"DesaturateColor_Outputs_0_Description",""
"DivideNumbers_DisplayName","Divide"
"DivideNumbers_Description","Divides all connected inputs in ascending order"
"DivideNumbers_Modes_0_DisplayName","Default"
"DivideNumbers_Modes_0_Description","Default mode of this gate.\r\nDivides all connected inputs in ascending order"
"DivideNumbers_Modes_0_Inputs_0_Description",""
"DivideNumbers_Modes_0_Inputs_1_Description",""
"DivideNumbers_Modes_0_Inputs_2_Description",""
"DivideNumbers_Modes_0_Inputs_3_Description",""
"DivideNumbers_Modes_0_Inputs_4_Description",""
"DivideNumbers_Modes_0_Inputs_5_Description",""
"DivideNumbers_Modes_0_Inputs_6_Description",""
"DivideNumbers_Modes_0_Inputs_7_Description",""
"DivideNumbers_Modes_0_Outputs_0_Description",""
"DivideNumbers_Modes_1_DisplayName","Array"
"DivideNumbers_Modes_1_Description","Array mode of this gate.\r\nHas a number array input, divides all array elements in order from first to last"
"DivideNumbers_Modes_1_Inputs_0_Description",""
"DivideNumbers_Modes_1_Outputs_0_Description",""
"DivideNumbers_Modes_2_DisplayName","Divide each array element"
"DivideNumbers_Modes_2_Description","Has a number array input and value input.\r\nDivides each array element by a value and returns a modified array"
"DivideNumbers_Modes_2_Inputs_0_Description",""
"DivideNumbers_Modes_2_Inputs_1_Description",""
"DivideNumbers_Modes_2_Outputs_0_Description",""
"DotProduct_DisplayName","Dot Product"
"DotProduct_Description","Returns dot product of 2 vectors"
"DotProduct_Inputs_0_DisplayName","In 1"
"DotProduct_Inputs_0_Description",""
"DotProduct_Inputs_1_DisplayName","In 2"
"DotProduct_Inputs_1_Description",""
"DotProduct_Outputs_0_Description",""
"EaseInterp_DisplayName","Ease Interpolation"
"EaseInterp_Description","Ease interpolation.\r\nHas 3 modes: IN, IN-OUT, OUT"
"EaseInterp_Modes_0_DisplayName","Ease IN"
"EaseInterp_Modes_0_Description","Default mode of this gate.\r\nUses \""Ease IN\"" for interpolation"
"EaseInterp_Modes_0_Inputs_0_Description",""
"EaseInterp_Modes_0_Inputs_1_Description",""
"EaseInterp_Modes_0_Inputs_2_Description",""
"EaseInterp_Modes_0_Inputs_3_DisplayName","Blend Exp"
"EaseInterp_Modes_0_Inputs_3_Description",""
"EaseInterp_Modes_0_Outputs_0_Description",""
"EaseInterp_Modes_1_DisplayName","Ease IN-OUT"
"EaseInterp_Modes_1_Description","Uses \""Ease IN-OUT\"" for interpolation"
"EaseInterp_Modes_1_Inputs_0_Description",""
"EaseInterp_Modes_1_Inputs_1_Description",""
"EaseInterp_Modes_1_Inputs_2_Description",""
"EaseInterp_Modes_1_Inputs_3_DisplayName","Blend Exp"
"EaseInterp_Modes_1_Inputs_3_Description",""
"EaseInterp_Modes_1_Outputs_0_Description",""
"EaseInterp_Modes_2_DisplayName","Ease OUT"
"EaseInterp_Modes_2_Description","Uses \""Ease OUT\"" for interpolation"
"EaseInterp_Modes_2_Inputs_0_Description",""
"EaseInterp_Modes_2_Inputs_1_Description",""
"EaseInterp_Modes_2_Inputs_2_Description",""
"EaseInterp_Modes_2_Inputs_3_DisplayName","Blend Exp"
"EaseInterp_Modes_2_Inputs_3_Description",""
"EaseInterp_Modes_2_Outputs_0_Description",""
"EqualString_DisplayName","Equals (String)"
"EqualString_Description","Returns true if input strings are equal"
"EqualString_Inputs_0_Description",""
"EqualString_Inputs_1_Description",""
"EqualString_Outputs_0_Description",""
"ExpNumber_DisplayName","Exp"
"ExpNumber_Description","Exponent number"
"ExpNumber_Inputs_0_Description",""
"ExpNumber_Outputs_0_Description",""
"ExpoInterp_DisplayName","Expo Interpolation"
"ExpoInterp_Description","Exponential interpolation.\r\nHas 3 modes: IN, IN-OUT, OUT"
"ExpoInterp_Modes_0_DisplayName","Expo IN"
"ExpoInterp_Modes_0_Description","Default mode of this gate.\r\nUses \""Expo IN\"" for interpolation"
"ExpoInterp_Modes_0_Inputs_0_Description",""
"ExpoInterp_Modes_0_Inputs_1_Description",""
"ExpoInterp_Modes_0_Inputs_2_Description",""
"ExpoInterp_Modes_0_Outputs_0_Description",""
"ExpoInterp_Modes_1_DisplayName","Expo IN-OUT"
"ExpoInterp_Modes_1_Description","Uses \""Expo IN-OUT\"" for interpolation"
"ExpoInterp_Modes_1_Inputs_0_Description",""
"ExpoInterp_Modes_1_Inputs_1_Description",""
"ExpoInterp_Modes_1_Inputs_2_Description",""
"ExpoInterp_Modes_1_Outputs_0_Description",""
"ExpoInterp_Modes_2_DisplayName","Expo OUT"
"ExpoInterp_Modes_2_Description","Uses \""Expo OUT\"" for interpolation"
"ExpoInterp_Modes_2_Inputs_0_Description",""
"ExpoInterp_Modes_2_Inputs_1_Description",""
"ExpoInterp_Modes_2_Inputs_2_Description",""
"ExpoInterp_Modes_2_Outputs_0_Description",""
"FallingEdgeDetector_DisplayName","Falling edge detector"
"FallingEdgeDetector_Description","Detects when input goes from high to low and outputs a signal for a brief moment"
"FallingEdgeDetector_Inputs_0_Description",""
"FallingEdgeDetector_Outputs_0_Description",""
"FindInString_DisplayName","Find (String)"
"FindInString_Description","Finds provided substring in the source string. Case insensitive by default."
"FindInString_Inputs_0_DisplayName","Original"
"FindInString_Inputs_0_Description",""
"FindInString_Inputs_1_DisplayName","Substring"
"FindInString_Inputs_1_Description",""
"FindInString_Inputs_2_DisplayName","Case sensitive"
"FindInString_Inputs_2_Description",""
"FindInString_Inputs_3_DisplayName","Start Index"
"FindInString_Inputs_3_Description",""
"FindInString_Outputs_0_DisplayName","Starting Index"
"FindInString_Outputs_0_Description",""
"GameTime_DisplayName","Game Time"
"GameTime_Description","Outputs information about game world time."
"GameTime_Inputs_0_DisplayName","Set Hour"
"GameTime_Inputs_0_Description",""
"GameTime_Inputs_1_DisplayName","Set Minute"
"GameTime_Inputs_1_Description",""
"GameTime_Inputs_2_DisplayName","Set Second"
"GameTime_Inputs_2_Description",""
"GameTime_Outputs_0_DisplayName","Is Day"
"GameTime_Outputs_0_Description",""
"GameTime_Outputs_1_DisplayName","Is Night"
"GameTime_Outputs_1_Description",""
"GameTime_Outputs_2_DisplayName","Hour"
"GameTime_Outputs_2_Description",""
"GameTime_Outputs_3_DisplayName","Day Passed (Minutes)"
"GameTime_Outputs_3_Description",""
"GameTime_Outputs_4_DisplayName","Day Passed (Seconds)"
"GameTime_Outputs_4_Description",""
"GameTime_Outputs_5_DisplayName","Day%"
"GameTime_Outputs_5_Description",""
"GameTime_Outputs_6_DisplayName","Night%"
"GameTime_Outputs_6_Description",""
"GameTime_Outputs_7_DisplayName","Minute"
"GameTime_Outputs_7_Description",""
"GameTime_Outputs_8_DisplayName","Second"
"GameTime_Outputs_8_Description",""
"GameTime_Outputs_9_DisplayName","Day Length (sec.)"
"GameTime_Outputs_9_Description",""
"GameTime_Outputs_10_DisplayName","Nigth Length (sec.)"
"GameTime_Outputs_10_Description",""
"GameWeather_DisplayName","Game Weather"
"GameWeather_Description","Outputs information about world weather."
"GameWeather_Outputs_0_DisplayName","Current Weather Id"
"GameWeather_Outputs_0_Description",""
"GameWeather_Outputs_1_DisplayName","Current Weather Name"
"GameWeather_Outputs_1_Description",""
"GetChar_DisplayName","Get Char"
"GetChar_Description","Gets character from string at specified index"
"GetChar_Inputs_0_DisplayName","String"
"GetChar_Inputs_0_Description",""
"GetChar_Inputs_1_DisplayName","Index"
"GetChar_Inputs_1_Description",""
"GetChar_Outputs_0_DisplayName","Char"
"GetChar_Outputs_0_Description",""
"GraphScreen_Huge_DisplayName","Graph Screen (Huge)"
"GraphScreen_Huge_Description",""
"GraphScreen_Huge_Inputs_0_DisplayName","In"
"GraphScreen_Huge_Inputs_0_Description",""
"GraphScreen_Huge_Inputs_1_DisplayName","Line Color"
"GraphScreen_Huge_Inputs_1_Description",""
"GraphScreen_Huge_Inputs_2_DisplayName","Background Color"
"GraphScreen_Huge_Inputs_2_Description",""
"GraphScreen_Large_DisplayName","Graph Screen (Large)"
"GraphScreen_Large_Description",""
"GraphScreen_Large_Inputs_0_DisplayName","In"
"GraphScreen_Large_Inputs_0_Description",""
"GraphScreen_Large_Inputs_1_DisplayName","Line Color"
"GraphScreen_Large_Inputs_1_Description",""
"GraphScreen_Large_Inputs_2_DisplayName","Background Color"
"GraphScreen_Large_Inputs_2_Description",""
"GraphScreen_Medium_DisplayName","Graph Screen (Medium)"
"GraphScreen_Medium_Description",""
"GraphScreen_Medium_Inputs_0_DisplayName","In"
"GraphScreen_Medium_Inputs_0_Description",""
"GraphScreen_Medium_Inputs_1_DisplayName","Line Color"
"GraphScreen_Medium_Inputs_1_Description",""
"GraphScreen_Medium_Inputs_2_DisplayName","Background Color"
"GraphScreen_Medium_Inputs_2_Description",""
"GraphScreen_Small_DisplayName","Graph Screen (Small)"
"GraphScreen_Small_Description",""
"GraphScreen_Small_Inputs_0_DisplayName","In"
"GraphScreen_Small_Inputs_0_Description",""
"GraphScreen_Small_Inputs_1_DisplayName","Line Color"
"GraphScreen_Small_Inputs_1_Description",""
"GraphScreen_Small_Inputs_2_DisplayName","Background Color"
"GraphScreen_Small_Inputs_2_Description",""
"HexToColor_DisplayName","Hex To Color"
"HexToColor_Description","Converts hex string input (i.e. 001122FF) to color output"
"HexToColor_Inputs_0_Description",""
"HexToColor_Outputs_0_Description",""
"HitDetector_DisplayName","Damage detector"
"HitDetector_Description","Detects any damage dealt by a player or creature."
"HitDetector_Outputs_0_DisplayName","Clk"
"HitDetector_Outputs_0_Description",""
"HitDetector_Outputs_1_DisplayName","Damage"
"HitDetector_Outputs_1_Description",""
"HitDetector_Outputs_2_DisplayName","Attacker"
"HitDetector_Outputs_2_Description",""
"HUBInfo_DisplayName","HUB Info"
"HUBInfo_Description","Outputs info about the HUB"
"HUBInfo_Outputs_0_DisplayName","Ship is at HUB"
"HUBInfo_Outputs_0_Description",""
"HUBInfo_Outputs_1_DisplayName","Time until ship returns"
"HUBInfo_Outputs_1_Description",""
"HUBInfo_Outputs_2_DisplayName","Highest Tier Available"
"HUBInfo_Outputs_2_Description",""
"ImageRenderer_DisplayName","Image Render"
"ImageRenderer_Description","Accepts image. Renders it in the world as a texture."
"ImageRenderer_Inputs_0_DisplayName","Image"
"ImageRenderer_Inputs_0_Description",""
"ImageRenderer_Inputs_1_DisplayName","Scale"
"ImageRenderer_Inputs_1_Description",""
"ImageRenderer_Inputs_2_DisplayName","Offset"
"ImageRenderer_Inputs_2_Description",""
"ImageRenderer_Outputs_0_DisplayName","Image as Texture"
"ImageRenderer_Outputs_0_Description",""
"IncrementDecrement_DisplayName","Increment / Decrement"
"IncrementDecrement_Description","Increments or decrements the number."
"IncrementDecrement_Inputs_0_DisplayName","Increment"
"IncrementDecrement_Inputs_0_Description",""
"IncrementDecrement_Inputs_1_DisplayName","Decrement"
"IncrementDecrement_Inputs_1_Description",""
"IncrementDecrement_Inputs_2_DisplayName","Reset"
"IncrementDecrement_Inputs_2_Description",""
"IncrementDecrement_Inputs_3_DisplayName","Default Value"
"IncrementDecrement_Inputs_3_Description",""
"IncrementDecrement_Inputs_4_DisplayName","Override Increment"
"IncrementDecrement_Inputs_4_Description",""
"IncrementDecrement_Inputs_5_DisplayName","Override Decrement"
"IncrementDecrement_Inputs_5_Description",""
"IncrementDecrement_Outputs_0_Description",""
"Inverse_DisplayName","Inverse"
"Inverse_Description","Returns 1 divided by input."
"Inverse_Inputs_0_Description",""
"Inverse_Outputs_0_Description",""
"Keyboard_DisplayName","Keyboard"
"Keyboard_Description","Allows any user to input text, outputs a signal if the text matches one of the texts set by keyboard owner."
"Keyboard_Outputs_0_DisplayName","Text"
"Keyboard_Outputs_0_Description",""
"Keyboard_Outputs_1_DisplayName","Match index"
"Keyboard_Outputs_1_Description",""
"Keypad_DisplayName","Keypad"
"Keypad_Description","Allows the user to enter a numeric code. \r\nKeypad owner can change the password."
"Keypad_Outputs_0_DisplayName","Valid"
"Keypad_Outputs_0_Description",""
"Keypad_Outputs_1_DisplayName","Invalid"
"Keypad_Outputs_1_Description",""
"LerpColor_DisplayName","Lerp Color"
"LerpColor_Description","Linearly interpolates the color from color A to color B based on Alpha."
"LerpColor_Modes_0_DisplayName","Lerp color"
"LerpColor_Modes_0_Description","Linearly interpolates the color from color A to color B based on Alpha."
"LerpColor_Modes_0_Inputs_0_Description",""
"LerpColor_Modes_0_Inputs_1_Description",""
"LerpColor_Modes_0_Inputs_2_Description",""
"LerpColor_Modes_0_Outputs_0_Description",""
"LerpColor_Modes_1_DisplayName","Lerp color array"
"LerpColor_Modes_1_Description","Linearly interpolates through an array of colors based on Alpha."
"LerpColor_Modes_1_Inputs_0_Description",""
"LerpColor_Modes_1_Inputs_1_Description",""
"LerpColor_Modes_1_Outputs_0_Description",""
"LerpNumber_DisplayName","Linear interpolation"
"LerpNumber_Description","Linearly goes from value A to value B based on alpha.\r\nAlpha is in a range 0-1, where 0 is value A, 0.5 is in the middle between A and B, and 1 is value B."
"LerpNumber_Inputs_0_Description",""
"LerpNumber_Inputs_1_Description",""
"LerpNumber_Inputs_2_Description",""
"LerpNumber_Outputs_0_Description",""
"LinearMotionAdapter_DisplayName","Linear Motion Adapter"
"LinearMotionAdapter_Description","Allows you to control linear motion lifts.\r\nTo interact with a lift, connect its \""Lift\"" output to this adapter."
"LinearMotionAdapter_Inputs_0_DisplayName","Lift"
"LinearMotionAdapter_Inputs_0_Description","Lift we want to interact with"
"LinearMotionAdapter_Inputs_1_DisplayName","Floor index"
"LinearMotionAdapter_Inputs_1_Description","Index of the floor we want to edit"
"LinearMotionAdapter_Inputs_2_DisplayName","Set Name"
"LinearMotionAdapter_Inputs_2_Description","Name for the floor that we are editing"
"LinearMotionAdapter_Inputs_3_DisplayName","Set Height"
"LinearMotionAdapter_Inputs_3_Description","Height for the floor that we are editing"
"LinearMotionAdapter_Outputs_0_DisplayName","Floor Name"
"LinearMotionAdapter_Outputs_0_Description","Name of the floor at the index"
"LinearMotionAdapter_Outputs_1_DisplayName","Floor Height"
"LinearMotionAdapter_Outputs_1_Description","Height of the floor at the index"
"MakeArray_DisplayName","Make Array"
"MakeArray_Description","Creates an array from non array types. Scales the input list when the last input is connected."
"MakeArray_Outputs_0_Description",""
"MakeColor_DisplayName","Make Color (HSVA)"
"MakeColor_Description","Constructs color from HSVA values"
"MakeColor_Inputs_0_DisplayName","H"
"MakeColor_Inputs_0_Description",""
"MakeColor_Inputs_1_DisplayName","S"
"MakeColor_Inputs_1_Description",""
"MakeColor_Inputs_2_DisplayName","V"
"MakeColor_Inputs_2_Description",""
"MakeColor_Inputs_3_Description",""
"MakeColor_Outputs_0_Description",""
"MakeColorRGBA_DisplayName","Make Color (RGBA)"
"MakeColorRGBA_Description","Constructs color from RGBA values"
"MakeColorRGBA_Inputs_0_DisplayName","R"
"MakeColorRGBA_Inputs_0_Description",""
"MakeColorRGBA_Inputs_1_DisplayName","G"
"MakeColorRGBA_Inputs_1_Description",""
"MakeColorRGBA_Inputs_2_Description",""
"MakeColorRGBA_Inputs_3_Description",""
"MakeColorRGBA_Outputs_0_Description",""
"MakeVector_DisplayName","Make Vector"
"MakeVector_Description","Makes vector from number inputs"
"MakeVector_Inputs_0_DisplayName","X"
"MakeVector_Inputs_0_Description",""
"MakeVector_Inputs_1_DisplayName","Y"
"MakeVector_Inputs_1_Description",""
"MakeVector_Inputs_2_DisplayName","Z"
"MakeVector_Inputs_2_Description",""
"MakeVector_Outputs_0_Description",""
"MAMResearchInfo_DisplayName","MAM Research Info"
"MAMResearchInfo_Description","Outputs available info about MAM research."
"MAMResearchInfo_Outputs_0_DisplayName","Has Unclaimed Research"
"MAMResearchInfo_Outputs_0_Description",""
"MAMResearchInfo_Outputs_1_DisplayName","Is Researching"
"MAMResearchInfo_Outputs_1_Description",""
"MAMResearchInfo_Outputs_2_DisplayName","Time Left"
"MAMResearchInfo_Outputs_2_Description",""
"MAMResearchInfo_Outputs_3_DisplayName","Research name"
"MAMResearchInfo_Outputs_3_Description",""
"MathExpEvaluator_DisplayName","Math Expression"
"MathExpEvaluator_Description","Evaluates input string as a math expression.\r\nThe evaluation logic is the same as in quick search bar."
"MathExpEvaluator_Inputs_0_DisplayName","Expression"
"MathExpEvaluator_Inputs_0_Description",""
"MathExpEvaluator_Outputs_0_DisplayName","Result"
"MathExpEvaluator_Outputs_0_Description","The result of the evaluation"
"MathExpEvaluator_Outputs_1_DisplayName","Success"
"MathExpEvaluator_Outputs_1_Description","Whether the evaluation was successful"
"MultiplyNumbers_DisplayName","Multiply"
"MultiplyNumbers_Description","Multiplies all connected inputs together"
"MultiplyNumbers_Modes_0_DisplayName","Default"
"MultiplyNumbers_Modes_0_Description","Default mode of this gate.\r\nMultiplies all connected inputs together"
"MultiplyNumbers_Modes_0_Inputs_0_Description",""
"MultiplyNumbers_Modes_0_Inputs_1_Description",""
"MultiplyNumbers_Modes_0_Inputs_2_Description",""
"MultiplyNumbers_Modes_0_Inputs_3_Description",""
"MultiplyNumbers_Modes_0_Inputs_4_Description",""
"MultiplyNumbers_Modes_0_Inputs_5_Description",""
"MultiplyNumbers_Modes_0_Inputs_6_Description",""
"MultiplyNumbers_Modes_0_Inputs_7_Description",""
"MultiplyNumbers_Modes_0_Outputs_0_Description",""
"MultiplyNumbers_Modes_1_DisplayName","Array"
"MultiplyNumbers_Modes_1_Description","Array mode of this gate.\r\nHas a number array input, multiplies all array elements together"
"MultiplyNumbers_Modes_1_Inputs_0_Description",""
"MultiplyNumbers_Modes_1_Outputs_0_Description",""
"MultiplyNumbers_Modes_2_DisplayName","Multiply each array element"
"MultiplyNumbers_Modes_2_Description","Has a number array input and value input.\r\nMultiplies each array element by a value and returns a modified array"
"MultiplyNumbers_Modes_2_Inputs_0_Description",""
"MultiplyNumbers_Modes_2_Inputs_1_Description",""
"MultiplyNumbers_Modes_2_Outputs_0_Description",""
"NAND_Gate_DisplayName","NAND Gate (Not All)"
"NAND_Gate_Description","Returns true if not all inputs are true"
"NAND_Gate_Modes_0_DisplayName","Default"
"NAND_Gate_Modes_0_Description","Default mode of this gate.\r\nReturns true if not all connected inputs are true."
"NAND_Gate_Modes_0_Inputs_0_Description",""
"NAND_Gate_Modes_0_Inputs_1_Description",""
"NAND_Gate_Modes_0_Inputs_2_Description",""
"NAND_Gate_Modes_0_Inputs_3_Description",""
"NAND_Gate_Modes_0_Inputs_4_Description",""
"NAND_Gate_Modes_0_Inputs_5_Description",""
"NAND_Gate_Modes_0_Inputs_6_Description",""
"NAND_Gate_Modes_0_Inputs_7_Description",""
"NAND_Gate_Modes_0_Outputs_0_Description",""
"NAND_Gate_Modes_1_DisplayName","Array"
"NAND_Gate_Modes_1_Description","Array mode of this gate.\r\nHas a bool array input, returns true if not all array elements are true."
"NAND_Gate_Modes_1_Inputs_0_Description",""
"NAND_Gate_Modes_1_Outputs_0_Description",""
"NegateNumber_DisplayName","Negate"
"NegateNumber_Description","Negates the input (20 -> -20 and -20 -> 20)"
"NegateNumber_Inputs_0_Description",""
"NegateNumber_Outputs_0_Description",""
"NOR_Gate_DisplayName","NOR Gate (None)"
"NOR_Gate_Description","Returns true if none of the inputs are true"
"NOR_Gate_Modes_0_DisplayName","Default"
"NOR_Gate_Modes_0_Description","Default mode of this gate.\r\nReturns true if none of the connected inputs are true."
"NOR_Gate_Modes_0_Inputs_0_Description",""
"NOR_Gate_Modes_0_Inputs_1_Description",""
"NOR_Gate_Modes_0_Inputs_2_Description",""
"NOR_Gate_Modes_0_Inputs_3_Description",""
"NOR_Gate_Modes_0_Inputs_4_Description",""
"NOR_Gate_Modes_0_Inputs_5_Description",""
"NOR_Gate_Modes_0_Inputs_6_Description",""
"NOR_Gate_Modes_0_Inputs_7_Description",""
"NOR_Gate_Modes_0_Outputs_0_Description",""
"NOR_Gate_Modes_1_DisplayName","Array"
"NOR_Gate_Modes_1_Description","Array mode of this gate.\r\nHas a bool array input, returns true if none of the array elements are true."
"NOR_Gate_Modes_1_Inputs_0_Description",""
"NOR_Gate_Modes_1_Outputs_0_Description",""
"NOT_Gate_DisplayName","NOT Gate (Inverse)"
"NOT_Gate_Description","Inverts the input."
"NOT_Gate_Inputs_0_Description",""
"NOT_Gate_Outputs_0_Description",""
"Notificator_DisplayName","Notificator"
"Notificator_Description","Sends a notification to all players."
"Notificator_Inputs_0_DisplayName","Show (CLK)"
"Notificator_Inputs_0_Description",""
"Notificator_Inputs_1_DisplayName","Title"
"Notificator_Inputs_1_Description",""
"Notificator_Inputs_2_DisplayName","Description"
"Notificator_Inputs_2_Description",""
"Notificator_Inputs_3_DisplayName","Duration"
"Notificator_Inputs_3_Description",""
"NumberAverage_DisplayName","Average"
"NumberAverage_Description","Returns the average of all connected inputs"
"NumberAverage_Modes_0_DisplayName","Default"
"NumberAverage_Modes_0_Description","Default mode of this gate.\r\nAdds all inputs together and divides the result by a number of connected inputs."
"NumberAverage_Modes_0_Inputs_0_Description",""
"NumberAverage_Modes_0_Inputs_1_Description",""
"NumberAverage_Modes_0_Inputs_2_Description",""
"NumberAverage_Modes_0_Inputs_3_Description",""
"NumberAverage_Modes_0_Inputs_4_Description",""
"NumberAverage_Modes_0_Inputs_5_Description",""
"NumberAverage_Modes_0_Inputs_6_Description",""
"NumberAverage_Modes_0_Inputs_7_Description",""
"NumberAverage_Modes_0_Outputs_0_Description",""
"NumberAverage_Modes_1_DisplayName","Array"
"NumberAverage_Modes_1_Description","Array mode of this gate.\r\nHas number array input, adds all array elements together and divides the result by element count."
"NumberAverage_Modes_1_Inputs_0_Description",""
"NumberAverage_Modes_1_Outputs_0_Description",""
"NumberEquals_DisplayName","Equals (Number)"
"NumberEquals_Description","Returns true if inputs are equal"
"NumberEquals_Inputs_0_Description",""
"NumberEquals_Inputs_1_Description",""
"NumberEquals_Outputs_0_Description",""
"NumberGreater_DisplayName","Greater Than (Number)"
"NumberGreater_Description","Returns true if A is greater than B (A > B)"
"NumberGreater_Inputs_0_Description",""
"NumberGreater_Inputs_1_Description",""
"NumberGreater_Outputs_0_Description",""
"NumberGreaterOrEqual_DisplayName","Greater Or Equal (Number)"
"NumberGreaterOrEqual_Description","Returns true if A is greater or equal to B (A >= B)"
"NumberGreaterOrEqual_Inputs_0_Description",""
"NumberGreaterOrEqual_Inputs_1_Description",""
"NumberGreaterOrEqual_Outputs_0_Description",""
"NumberIsInRange_DisplayName","Is In Range"
"NumberIsInRange_Description","Checks if the number is in range (exclusive by default)"
"NumberIsInRange_Inputs_0_Description",""
"NumberIsInRange_Inputs_1_DisplayName","Min"
"NumberIsInRange_Inputs_1_Description",""
"NumberIsInRange_Inputs_2_DisplayName","Max"
"NumberIsInRange_Inputs_2_Description",""
"NumberIsInRange_Inputs_3_DisplayName","Inclusive Min"
"NumberIsInRange_Inputs_3_Description",""
"NumberIsInRange_Inputs_4_DisplayName","Inclusive Max"
"NumberIsInRange_Inputs_4_Description",""
"NumberIsInRange_Outputs_0_Description",""
"NumberLesser_DisplayName","Less Than (Number)"
"NumberLesser_Description","Returns true if A is less than B (A < B)"
"NumberLesser_Inputs_0_Description",""
"NumberLesser_Inputs_1_Description",""
"NumberLesser_Outputs_0_Description",""
"NumberLessOrEqual_DisplayName","Less Or Equal (Number)"
"NumberLessOrEqual_Description","Returns true if A is less or equal to B (A <= B)"
"NumberLessOrEqual_Inputs_0_Description",""
"NumberLessOrEqual_Inputs_1_Description",""
"NumberLessOrEqual_Outputs_0_Description",""
"NumberLog_DisplayName","Log"
"NumberLog_Description","Logarithm"
"NumberLog_Inputs_0_DisplayName","X"
"NumberLog_Inputs_0_Description",""
"NumberLog_Inputs_1_DisplayName","Base"
"NumberLog_Inputs_1_Description",""
"NumberLog_Outputs_0_Description",""
"NumberLog10_DisplayName","Log10 (Natural logarithm)"
"NumberLog10_Description","Log10(X)"
"NumberLog10_Inputs_0_DisplayName","X"
"NumberLog10_Inputs_0_Description",""
"NumberLog10_Outputs_0_Description",""
"NumberMax_DisplayName","Max"
"NumberMax_Description","Out of two numbers, outputs the greater one."
"NumberMax_Inputs_0_Description",""
"NumberMax_Inputs_1_Description",""
"NumberMax_Outputs_0_Description",""
"NumberMin_DisplayName","Min"
"NumberMin_Description","Of two numbers, outputs the lesser one."
"NumberMin_Inputs_0_Description",""
"NumberMin_Inputs_1_Description",""
"NumberMin_Outputs_0_Description",""
"NumberModulo_DisplayName","Modulo"
"NumberModulo_Description","A%B"
"NumberModulo_Inputs_0_Description",""
"NumberModulo_Inputs_1_Description",""
"NumberModulo_Outputs_0_Description",""
"NumberRoundDown_DisplayName","Floor (Round Down)"
"NumberRoundDown_Description","Rounds the number down towards negative infinity (e.g. -1.6 -> -2 and 1.6 -> 1)"
"NumberRoundDown_Inputs_0_Description",""
"NumberRoundDown_Outputs_0_Description",""
"NumberRoundUp_DisplayName","Ceil (Round Up)"
"NumberRoundUp_Description","Rounds the number up towards positive infinity (e.g. -1.6 -> -1 and 1.6 -> 2)"
"NumberRoundUp_Inputs_0_Description",""
"NumberRoundUp_Outputs_0_Description",""
"NumberToBool_DisplayName","Number To Bool"
"NumberToBool_Description","Converts number input to bool output.\r\nIf input is greater than or equal to 1 returns true, else returns false."
"NumberToBool_Inputs_0_Description",""
"NumberToBool_Outputs_0_Description",""
"NumberToHex_DisplayName","Number To Hex"
"NumberToHex_Description","Converts number to hex string"
"NumberToHex_Inputs_0_Description",""
"NumberToHex_Outputs_0_Description",""
"NumberToTimeString_DisplayName","Number To Time"
"NumberToTimeString_Description","Converts input number to string that looks like a timer (HH:MM:SS)"
"NumberToTimeString_Inputs_0_Description",""
"NumberToTimeString_Outputs_0_Description",""
"OR_Gate_DisplayName","OR Gate (Any)"
"OR_Gate_Description","Returns true if any input is true"
"OR_Gate_Modes_0_DisplayName","Default"
"OR_Gate_Modes_0_Description","Default mode of this gate.\r\nReturns true if any input is true."
"OR_Gate_Modes_0_Inputs_0_Description",""
"OR_Gate_Modes_0_Inputs_1_Description",""
"OR_Gate_Modes_0_Inputs_2_Description",""
"OR_Gate_Modes_0_Inputs_3_Description",""
"OR_Gate_Modes_0_Inputs_4_Description",""
"OR_Gate_Modes_0_Inputs_5_Description",""
"OR_Gate_Modes_0_Inputs_6_Description",""
"OR_Gate_Modes_0_Inputs_7_Description",""
"OR_Gate_Modes_0_Outputs_0_Description",""
"OR_Gate_Modes_1_DisplayName","Array"
"OR_Gate_Modes_1_Description","Array mode of this gate.\r\nHas a bool array input, returns true if any array element is true."
"OR_Gate_Modes_1_Inputs_0_Description",""
"OR_Gate_Modes_1_Outputs_0_Description",""
"OscilloscopeScreen_Huge_DisplayName","Oscilloscope (Huge)"
"OscilloscopeScreen_Huge_Description","An oscilloscope that you can draw on using X and Y coordinates. \r\n\r\nNOT FOR DISPLAYING TEXT - USE SIGNS"
"OscilloscopeScreen_Huge_Inputs_0_DisplayName","X"
"OscilloscopeScreen_Huge_Inputs_0_Description",""
"OscilloscopeScreen_Huge_Inputs_1_DisplayName","Y"
"OscilloscopeScreen_Huge_Inputs_1_Description",""
"OscilloscopeScreen_Huge_Inputs_2_DisplayName","Line Color"
"OscilloscopeScreen_Huge_Inputs_2_Description",""
"OscilloscopeScreen_Huge_Inputs_3_DisplayName","Background Color"
"OscilloscopeScreen_Huge_Inputs_3_Description",""
"OscilloscopeScreen_Huge_Inputs_4_DisplayName","Max points"
"OscilloscopeScreen_Huge_Inputs_4_Description",""
"OscilloscopeScreen_Huge_Inputs_5_DisplayName","No fading"
"OscilloscopeScreen_Huge_Inputs_5_Description",""
"OscilloscopeScreen_Large_DisplayName","Oscilloscope (Large)"
"OscilloscopeScreen_Large_Description","An oscilloscope that you can draw on using X and Y coordinates. \r\n\r\nNOT FOR DISPLAYING TEXT - USE SIGNS"
"OscilloscopeScreen_Large_Inputs_0_DisplayName","X"
"OscilloscopeScreen_Large_Inputs_0_Description",""
"OscilloscopeScreen_Large_Inputs_1_DisplayName","Y"
"OscilloscopeScreen_Large_Inputs_1_Description",""
"OscilloscopeScreen_Large_Inputs_2_DisplayName","Line Color"
"OscilloscopeScreen_Large_Inputs_2_Description",""
"OscilloscopeScreen_Large_Inputs_3_DisplayName","Background Color"
"OscilloscopeScreen_Large_Inputs_3_Description",""
"OscilloscopeScreen_Large_Inputs_4_DisplayName","Max points"
"OscilloscopeScreen_Large_Inputs_4_Description",""
"OscilloscopeScreen_Large_Inputs_5_DisplayName","No fading"
"OscilloscopeScreen_Large_Inputs_5_Description",""
"OscilloscopeScreen_Medium_DisplayName","Oscilloscope (Medium)"
"OscilloscopeScreen_Medium_Description","An oscilloscope that you can draw on using X and Y coordinates. \r\n\r\nNOT FOR DISPLAYING TEXT - USE SIGNS"
"OscilloscopeScreen_Medium_Inputs_0_DisplayName","X"
"OscilloscopeScreen_Medium_Inputs_0_Description",""
"OscilloscopeScreen_Medium_Inputs_1_DisplayName","Y"
"OscilloscopeScreen_Medium_Inputs_1_Description",""
"OscilloscopeScreen_Medium_Inputs_2_DisplayName","Line Color"
"OscilloscopeScreen_Medium_Inputs_2_Description",""
"OscilloscopeScreen_Medium_Inputs_3_DisplayName","Background Color"
"OscilloscopeScreen_Medium_Inputs_3_Description",""
"OscilloscopeScreen_Medium_Inputs_4_DisplayName","Max points"
"OscilloscopeScreen_Medium_Inputs_4_Description",""
"OscilloscopeScreen_Medium_Inputs_5_DisplayName","No fading"
"OscilloscopeScreen_Medium_Inputs_5_Description",""
"OscilloscopeScreen_Small_DisplayName","Oscilloscope (Small)"
"OscilloscopeScreen_Small_Description","An oscilloscope that you can draw on using X and Y coordinates. \r\n\r\nNOT FOR DISPLAYING TEXT - USE SIGNS"
"OscilloscopeScreen_Small_Inputs_0_DisplayName","X"
"OscilloscopeScreen_Small_Inputs_0_Description",""
"OscilloscopeScreen_Small_Inputs_1_DisplayName","Y"
"OscilloscopeScreen_Small_Inputs_1_Description",""
"OscilloscopeScreen_Small_Inputs_2_DisplayName","Line Color"
"OscilloscopeScreen_Small_Inputs_2_Description",""
"OscilloscopeScreen_Small_Inputs_3_DisplayName","Background Color"
"OscilloscopeScreen_Small_Inputs_3_Description",""
"OscilloscopeScreen_Small_Inputs_4_DisplayName","Max points"
"OscilloscopeScreen_Small_Inputs_4_Description",""
"OscilloscopeScreen_Small_Inputs_5_DisplayName","No fading"
"OscilloscopeScreen_Small_Inputs_5_Description",""
"OSTimeDate_DisplayName","OS Time/Date"
"OSTimeDate_Description","Outputs time and date (local time) from your computer."
"OSTimeDate_Outputs_0_DisplayName","Year"
"OSTimeDate_Outputs_0_Description",""
"OSTimeDate_Outputs_1_DisplayName","Month"
"OSTimeDate_Outputs_1_Description",""
"OSTimeDate_Outputs_2_DisplayName","Day"
"OSTimeDate_Outputs_2_Description",""
"OSTimeDate_Outputs_3_DisplayName","Hour"
"OSTimeDate_Outputs_3_Description",""
"OSTimeDate_Outputs_4_DisplayName","Minute"
"OSTimeDate_Outputs_4_Description",""
"OSTimeDate_Outputs_5_DisplayName","Second"
"OSTimeDate_Outputs_5_Description",""
"OSTimeDate_Outputs_6_DisplayName","Formatted"
"OSTimeDate_Outputs_6_Description",""
"OSTimeDate_Outputs_7_DisplayName","Formatted Time"
"OSTimeDate_Outputs_7_Description",""
"OSTimeDate_Outputs_8_DisplayName","Formatted Date"
"OSTimeDate_Outputs_8_Description",""
"Percent_DisplayName","Normalize"
"Percent_Description","Normalizes the value to a range.\r\ne.g. 20 normalized to a range 0->50 would be 0.4."
"Percent_Inputs_0_Description",""
"Percent_Inputs_1_DisplayName","Min"
"Percent_Inputs_1_Description",""
"Percent_Inputs_2_DisplayName","Max"
"Percent_Inputs_2_Description",""
"Percent_Outputs_0_Description",""
"PerlinNoise1D_DisplayName","Perlin Noise 1D"
"PerlinNoise1D_Description","Calculates output using perlin noise function."
"PerlinNoise1D_Inputs_0_Description",""
"PerlinNoise1D_Inputs_1_DisplayName","Min"
"PerlinNoise1D_Inputs_1_Description",""
"PerlinNoise1D_Inputs_2_DisplayName","Max"
"PerlinNoise1D_Inputs_2_Description",""
"PerlinNoise1D_Outputs_0_Description",""
"PerlinNoise3D_DisplayName","Perlin Noise 3D"
"PerlinNoise3D_Description","Calculates output using perlin noise function but 3 times."
"PerlinNoise3D_Inputs_0_DisplayName","X"
"PerlinNoise3D_Inputs_0_Description",""
"PerlinNoise3D_Inputs_1_DisplayName","Y"
"PerlinNoise3D_Inputs_1_Description",""
"PerlinNoise3D_Inputs_2_DisplayName","Z"
"PerlinNoise3D_Inputs_2_Description",""
"PerlinNoise3D_Inputs_3_DisplayName","Min X"
"PerlinNoise3D_Inputs_3_Description",""
"PerlinNoise3D_Inputs_4_DisplayName","Max X"
"PerlinNoise3D_Inputs_4_Description",""
"PerlinNoise3D_Inputs_5_DisplayName","Min Y"
"PerlinNoise3D_Inputs_5_Description",""
"PerlinNoise3D_Inputs_6_DisplayName","Max Y"
"PerlinNoise3D_Inputs_6_Description",""
"PerlinNoise3D_Inputs_7_DisplayName","Min Z"
"PerlinNoise3D_Inputs_7_Description",""
"PerlinNoise3D_Inputs_8_DisplayName","Max Z"
"PerlinNoise3D_Inputs_8_Description",""
"PerlinNoise3D_Outputs_0_Description",""
"PI_DisplayName","PI"
"PI_Description","Returns PI constant"
"PI_Outputs_0_DisplayName","PI"
"PI_Outputs_0_Description",""
"Pixel_DisplayName","Pixel"
"Pixel_Description","Indicator light. Color and glow can be changed."
"Pixel_Inputs_0_DisplayName","Color"
"Pixel_Inputs_0_Description",""
"Pixel_Inputs_1_DisplayName","Glow"
"Pixel_Inputs_1_Description",""
"PixelArtManager_DisplayName","Pixel Art Manager"
"PixelArtManager_Description",""
"PixelArtManager_Outputs_0_Description",""
"PlayerSensor_DisplayName","Player Sensor"
"PlayerSensor_Description","Allows the user to select a player that the gate will output as an entity."
"PlayerSensor_Outputs_0_Description",""
"PowerNumber_DisplayName","Power"
"PowerNumber_Description","A^B"
"PowerNumber_Inputs_0_Description",""
"PowerNumber_Inputs_1_Description",""
"PowerNumber_Outputs_0_Description",""
"Proximity_DisplayName","Proximity sensor"
"Proximity_Description","Creates a field that captures any creatures or vehicles in its radius and outputs a list of entities.\r\nDetects all entities (players, enemies, doggos, etc.) by default."
"Proximity_Inputs_0_DisplayName","Proximity Radius"
"Proximity_Inputs_0_Description",""
"Proximity_Inputs_1_DisplayName","Show Proximity Radius"
"Proximity_Inputs_1_Description",""
"Proximity_Inputs_2_DisplayName","Include Players"
"Proximity_Inputs_2_Description",""
"Proximity_Inputs_3_DisplayName","Include Hostiles"
"Proximity_Inputs_3_Description",""
"Proximity_Inputs_4_DisplayName","Include Passive"
"Proximity_Inputs_4_Description",""
"Proximity_Inputs_5_DisplayName","Include Vehicles"
"Proximity_Inputs_5_Description",""
"Proximity_Inputs_6_DisplayName","Radius Offset"
"Proximity_Inputs_6_Description",""
"Proximity_Outputs_0_DisplayName","Entities"
"Proximity_Outputs_0_Description",""
"Proximity_Outputs_1_DisplayName","Count"
"Proximity_Outputs_1_Description",""
"QuadraticFormula_DisplayName","Quadratic Formula"
"QuadraticFormula_Description","You don\'t want to know what\'s going on inside of it."
"QuadraticFormula_Inputs_0_Description",""
"QuadraticFormula_Inputs_1_Description",""
"QuadraticFormula_Inputs_2_Description",""
"QuadraticFormula_Outputs_0_DisplayName","X1"
"QuadraticFormula_Outputs_0_Description",""
"QuadraticFormula_Outputs_1_DisplayName","X2"
"QuadraticFormula_Outputs_1_Description",""
"Radio_Receive_DisplayName","Radio Receiver"
"Radio_Receive_Description","Receives data sent by radio transmitters."
"Radio_Receive_Outputs_0_DisplayName","Data OUT"
"Radio_Receive_Outputs_0_Description",""
"Radio_Transmit_DisplayName","Radio Transmitter"
"Radio_Transmit_Description","Accepts any type and transmits it through the entire world.\r\nRadio receivers can receive that data and use it."
"Radio_Transmit_Inputs_0_DisplayName","Data IN"
"Radio_Transmit_Inputs_0_Description",""
"RadToDeg_DisplayName","Radians To Degrees"
"RadToDeg_Description","Converts radians input to degrees"
"RadToDeg_Inputs_0_DisplayName","Rad"
"RadToDeg_Inputs_0_Description",""
"RadToDeg_Outputs_0_DisplayName","Deg"
"RadToDeg_Outputs_0_Description",""
"RandomNumber_DisplayName","Random"
"RandomNumber_Description","Returns random number in range"
"RandomNumber_Inputs_0_DisplayName","Min"
"RandomNumber_Inputs_0_Description",""
"RandomNumber_Inputs_1_DisplayName","Max"
"RandomNumber_Inputs_1_Description",""
"RandomNumber_Outputs_0_Description",""
"Ranger_DisplayName","Ranger"
"Ranger_Description","Creates a laser that detects anything in it\'s way."
"Ranger_Inputs_0_DisplayName","Max distance"
"Ranger_Inputs_0_Description",""
"Ranger_Inputs_1_DisplayName","Stealth mode"
"Ranger_Inputs_1_Description","Ranger will not show the laser line"
"Ranger_Inputs_2_DisplayName","Ignore Buildings"
"Ranger_Inputs_2_Description","Wjem true"
"Ranger_Outputs_0_DisplayName","Distance"
"Ranger_Outputs_0_Description",""
"Ranger_Outputs_1_DisplayName","Point hit"
"Ranger_Outputs_1_Description",""
"Ranger_Outputs_2_DisplayName","Entity"
"Ranger_Outputs_2_Description",""
"Ranger_Outputs_3_DisplayName","Max Distance"
"Ranger_Outputs_3_Description",""
"Ranger_Outputs_4_DisplayName","Has Target"
"Ranger_Outputs_4_Description",""
"RemapValue_DisplayName","Remap Number"
"RemapValue_Description","Remaps number to a new range.\r\nFor example:\r\nIf input range is 0-1, and output range is 0-100, value 0.9 will become 90."
"RemapValue_Inputs_0_Description",""
"RemapValue_Inputs_1_DisplayName","Input Min"
"RemapValue_Inputs_1_Description",""
"RemapValue_Inputs_2_DisplayName","Input Max"
"RemapValue_Inputs_2_Description",""
"RemapValue_Inputs_3_DisplayName","Output Min"
"RemapValue_Inputs_3_Description",""
"RemapValue_Inputs_4_DisplayName","Output Max"
"RemapValue_Inputs_4_Description",""
"RemapValue_Outputs_0_Description",""
"RemoteControlReceiver_DisplayName","Remote Control Receiver"
"RemoteControlReceiver_Description","Paired with remote control hand tool, allows the user to control their circuits on any distance."
"RemoteControlReceiver_Outputs_0_DisplayName","Key 1"
"RemoteControlReceiver_Outputs_0_Description",""
"RemoteControlReceiver_Outputs_1_DisplayName","Key 2"
"RemoteControlReceiver_Outputs_1_Description",""
"RemoteControlReceiver_Outputs_2_DisplayName","Key 3"
"RemoteControlReceiver_Outputs_2_Description",""
"RemoteControlReceiver_Outputs_3_DisplayName","Key 4"
"RemoteControlReceiver_Outputs_3_Description",""
"RemoteControlReceiver_Outputs_4_DisplayName","Key 5"
"RemoteControlReceiver_Outputs_4_Description",""
"RemoteControlReceiver_Outputs_5_DisplayName","Text"
"RemoteControlReceiver_Outputs_5_Description",""
"RemoteControlReceiver_Outputs_6_DisplayName","Keys Array"
"RemoteControlReceiver_Outputs_6_Description",""
"RepeatString_DisplayName","Repeat"
"RepeatString_Description","Repeats input string <Num> times"
"RepeatString_Inputs_0_DisplayName","String"
"RepeatString_Inputs_0_Description",""
"RepeatString_Inputs_1_DisplayName","Num"
"RepeatString_Inputs_1_Description",""
"RepeatString_Outputs_0_Description",""
"Replace_DisplayName","Replace"
"Replace_Description","Returns the string with replaced text."
"Replace_Inputs_0_DisplayName","Original"
"Replace_Inputs_0_Description",""
"Replace_Inputs_1_DisplayName","Replace String"
"Replace_Inputs_1_Description",""
"Replace_Inputs_2_DisplayName","Replace With"
"Replace_Inputs_2_Description",""
"Replace_Inputs_3_DisplayName","Case Sensitive"
"Replace_Inputs_3_Description",""
"Replace_Outputs_0_Description",""
"ResizeArray_DisplayName","Resize array"
"ResizeArray_Description","Changes array\'s size to the specified.\r\nWARNING: Avoid resizing arrays to absurd sizes, if your game crashes it\'s not our fault."
"ResizeArray_Inputs_0_Description",""
"ResizeArray_Inputs_1_DisplayName","New size"
"ResizeArray_Inputs_1_Description",""
"ResizeArray_Outputs_0_Description",""
"ResourceSinkInfo_DisplayName","Resource sink Info"
"ResourceSinkInfo_Description","Outputs available info about resource sink."
"ResourceSinkInfo_Outputs_0_DisplayName","Total Points Sinked"
"ResourceSinkInfo_Outputs_0_Description",""
"ResourceSinkInfo_Outputs_1_DisplayName","Total Points Sinked (DNA)"
"ResourceSinkInfo_Outputs_1_Description",""
"ResourceSinkInfo_Outputs_2_DisplayName","Available Coupons"
"ResourceSinkInfo_Outputs_2_Description",""
"ResourceSinkInfo_Outputs_3_DisplayName","Points Till Next Coupon"
"ResourceSinkInfo_Outputs_3_Description",""
"ResourceSinkInfo_Outputs_4_DisplayName","Points Till Next Coupon (DNA)"
"ResourceSinkInfo_Outputs_4_Description",""
"ResourceSinkInfo_Outputs_5_DisplayName","Coupon Progress%"
"ResourceSinkInfo_Outputs_5_Description",""
"ResourceSinkInfo_Outputs_6_DisplayName","Coupon Progress% (DNA)"
"ResourceSinkInfo_Outputs_6_Description",""
"ResourceSinkInfo_Outputs_7_DisplayName","Points/min Graph"
"ResourceSinkInfo_Outputs_7_Description",""
"ResourceSinkInfo_Outputs_8_DisplayName","Points/min Graph (DNA)"
"ResourceSinkInfo_Outputs_8_Description",""
"ResourceSinkInfo_Outputs_9_DisplayName","Points/min"
"ResourceSinkInfo_Outputs_9_Description",""
"ResourceSinkInfo_Outputs_10_DisplayName","Points/min (DNA)"
"ResourceSinkInfo_Outputs_10_Description",""
"ReverseString_DisplayName","Reverse String"
"ReverseString_Description","Reverses the input string"
"ReverseString_Inputs_0_Description",""
"ReverseString_Outputs_0_Description",""
"RisingEdgeDetector_DisplayName","Rising edge detector"
"RisingEdgeDetector_Description","Detects when input goes from low to high and outputs a signal for a brief moment"
"RisingEdgeDetector_Inputs_0_Description",""
"RisingEdgeDetector_Outputs_0_Description",""
"Round_DisplayName","Round"
"Round_Description","Rounds input to nearest integer"
"Round_Inputs_0_Description",""
"Round_Outputs_0_Description",""
"RSSAdapter_DisplayName","Really Simple Signs Adapter"
"RSSAdapter_Description","Allows you to control an RSS sign.\r\nTo interact with a sign, connect its \""Sign\"" output to this adapter."
"RSSAdapter_Modes_0_DisplayName","Default"
"RSSAdapter_Modes_0_Description","Control a singular sign"
"RSSAdapter_Modes_0_Inputs_0_DisplayName","Sign"
"RSSAdapter_Modes_0_Inputs_0_Description","Sign to edit"
"RSSAdapter_Modes_0_Inputs_1_DisplayName","Element Index"
"RSSAdapter_Modes_0_Inputs_1_Description","Element of a sign to edit"
"RSSAdapter_Modes_0_Inputs_2_DisplayName","Text: Text"
"RSSAdapter_Modes_0_Inputs_2_Description","If the element is a text, this will edit the text"
"RSSAdapter_Modes_0_Inputs_3_DisplayName","Text: Font Size"
"RSSAdapter_Modes_0_Inputs_3_Description","If the element is a text, this will set the font size"
"RSSAdapter_Modes_0_Inputs_4_DisplayName","Element Position"
"RSSAdapter_Modes_0_Inputs_4_Description","Position of the element"
"RSSAdapter_Modes_0_Inputs_5_DisplayName","Element Rotation"
"RSSAdapter_Modes_0_Inputs_5_Description","Rotation of the element"
"RSSAdapter_Modes_0_Inputs_6_DisplayName","Element Z Index"
"RSSAdapter_Modes_0_Inputs_6_Description","Render order of the element"
"RSSAdapter_Modes_0_Inputs_7_DisplayName","Element Color"
"RSSAdapter_Modes_0_Inputs_7_Description","Color of the element"
"RSSAdapter_Modes_0_Inputs_8_DisplayName","Element Opacity"
"RSSAdapter_Modes_0_Inputs_8_Description","Element\'s opacity"
"RSSAdapter_Modes_0_Inputs_9_DisplayName","Background Color"
"RSSAdapter_Modes_0_Inputs_9_Description","The background color of the sign"
"RSSAdapter_Modes_0_Inputs_10_DisplayName","Emission"
"RSSAdapter_Modes_0_Inputs_10_Description","The emission of the sign"
"RSSAdapter_Modes_0_Inputs_11_DisplayName","Text: Is Bold"
"RSSAdapter_Modes_0_Inputs_11_Description","If the element is a text, this will set if it\'s bold"
"RSSAdapter_Modes_0_Inputs_12_DisplayName","Text: Is Uppercase"
"RSSAdapter_Modes_0_Inputs_12_Description","If the element is a text, this will set if it\'s UPPERCASE"
"RSSAdapter_Modes_0_Inputs_13_DisplayName","Element Scale and Speed"
"RSSAdapter_Modes_0_Inputs_13_Description","Element\'s scale and speed (R and G are speed, B and A are scale)"
"RSSAdapter_Modes_0_Inputs_14_DisplayName","Element Justify"
"RSSAdapter_Modes_0_Inputs_14_Description","Justifies the element. 0 is left, 1 is middle, 2 is right."
"RSSAdapter_Modes_0_Inputs_15_DisplayName","Image: Size"
"RSSAdapter_Modes_0_Inputs_15_Description","If the element is an image, this will edit it\'s size"
"RSSAdapter_Modes_0_Inputs_16_DisplayName","Image: Overwrite Size (?)"
"RSSAdapter_Modes_0_Inputs_16_Description",""
"RSSAdapter_Modes_0_Inputs_17_DisplayName","Effect Panner: Is Step"
"RSSAdapter_Modes_0_Inputs_17_Description",""
"RSSAdapter_Modes_0_Inputs_18_DisplayName","Effect Panner: Step Frequenz"
"RSSAdapter_Modes_0_Inputs_18_Description",""
"RSSAdapter_Modes_0_Inputs_19_DisplayName","Image: Image Id"
"RSSAdapter_Modes_0_Inputs_19_Description","If the element is an image, sets the image id."
"RSSAdapter_Modes_0_Inputs_20_DisplayName","Image: Texture"
"RSSAdapter_Modes_0_Inputs_20_Description",""
"RSSAdapter_Modes_1_DisplayName","Array"
"RSSAdapter_Modes_1_Description","Control an array of signs"
"RSSAdapter_Modes_1_Inputs_0_DisplayName","Sign"
"RSSAdapter_Modes_1_Inputs_0_Description","Sign to edit"
"RSSAdapter_Modes_1_Inputs_1_DisplayName","Element Index"
"RSSAdapter_Modes_1_Inputs_1_Description","Element of a sign to edit"
"RSSAdapter_Modes_1_Inputs_2_DisplayName","Text: Text"
"RSSAdapter_Modes_1_Inputs_2_Description","If the element is a text, this will edit the text"
"RSSAdapter_Modes_1_Inputs_3_DisplayName","Text: Font Size"
"RSSAdapter_Modes_1_Inputs_3_Description","If the element is a text, this will set the font size"
"RSSAdapter_Modes_1_Inputs_4_DisplayName","Element Position"
"RSSAdapter_Modes_1_Inputs_4_Description","Position of the element"
"RSSAdapter_Modes_1_Inputs_5_DisplayName","Element Rotation"
"RSSAdapter_Modes_1_Inputs_5_Description","Rotation of the element"
"RSSAdapter_Modes_1_Inputs_6_DisplayName","Element Z Index"
"RSSAdapter_Modes_1_Inputs_6_Description","Render order of the element"
"RSSAdapter_Modes_1_Inputs_7_DisplayName","Element Color"
"RSSAdapter_Modes_1_Inputs_7_Description","Color of the element"
"RSSAdapter_Modes_1_Inputs_8_DisplayName","Element Opacity"
"RSSAdapter_Modes_1_Inputs_8_Description","Element\'s opacity"
"RSSAdapter_Modes_1_Inputs_9_DisplayName","Background Color"
"RSSAdapter_Modes_1_Inputs_9_Description","The background color of the sign"
"RSSAdapter_Modes_1_Inputs_10_DisplayName","Emission"
"RSSAdapter_Modes_1_Inputs_10_Description","The emission of the sign"
"RSSAdapter_Modes_1_Inputs_11_DisplayName","Text: Is Bold"
"RSSAdapter_Modes_1_Inputs_11_Description","If the element is a text, this will set if it\'s bold"
"RSSAdapter_Modes_1_Inputs_12_DisplayName","Text: Is Uppercase"
"RSSAdapter_Modes_1_Inputs_12_Description","If the element is a text, this will set if it\'s UPPERCASE"
"RSSAdapter_Modes_1_Inputs_13_DisplayName","Element Scale and Speed"
"RSSAdapter_Modes_1_Inputs_13_Description","Element\'s scale and speed (R and G are speed, B and A are scale)"
"RSSAdapter_Modes_1_Inputs_14_DisplayName","Element Justify"
"RSSAdapter_Modes_1_Inputs_14_Description","Justifies the element. 0 is left, 1 is middle, 2 is right."
"RSSAdapter_Modes_1_Inputs_15_DisplayName","Image: Size"
"RSSAdapter_Modes_1_Inputs_15_Description","If the element is an image, this will edit it\'s size"
"RSSAdapter_Modes_1_Inputs_16_DisplayName","Image: Overwrite Size (?)"
"RSSAdapter_Modes_1_Inputs_16_Description",""
"RSSAdapter_Modes_1_Inputs_17_DisplayName","Effect Panner: Is Step"
"RSSAdapter_Modes_1_Inputs_17_Description",""
"RSSAdapter_Modes_1_Inputs_18_DisplayName","Effect Panner: Step Frequenz"
"RSSAdapter_Modes_1_Inputs_18_Description",""
"RSSAdapter_Modes_1_Inputs_19_DisplayName","Image: Image Id"
"RSSAdapter_Modes_1_Inputs_19_Description","If the element is an image, sets the image id."
"RSSAdapter_Modes_1_Inputs_20_DisplayName","Image: Texture"
"RSSAdapter_Modes_1_Inputs_20_Description",""
"Sign_DisplayName","Sign"
"Sign_Description","Returns -1 if A < 0, 0 if A is zero, and 1 if A > 0"
"Sign_Inputs_0_Description",""
"Sign_Outputs_0_Description",""
"SinDeg_DisplayName","Sin (Degrees)"
"SinDeg_Description","Returns sin(Deg)"
"SinDeg_Inputs_0_DisplayName","Deg"
"SinDeg_Inputs_0_Description",""
"SinDeg_Outputs_0_Description",""
"SinInterp_DisplayName","Sinusoidal Interpolation"
"SinInterp_Description","Sinusoidal Interpolation.\r\nHas 3 modes: IN, IN-OUT, OUT"
"SinInterp_Modes_0_DisplayName","Sinusoidal IN"
"SinInterp_Modes_0_Description","Default mode of this gate.\r\nUses \""Sinusoidal IN\"" for interpolation"
"SinInterp_Modes_0_Inputs_0_Description",""
"SinInterp_Modes_0_Inputs_1_Description",""
"SinInterp_Modes_0_Inputs_2_Description",""
"SinInterp_Modes_0_Outputs_0_Description",""
"SinInterp_Modes_1_DisplayName","Sinusoidal IN-OUT"
"SinInterp_Modes_1_Description","Uses \""Sinusoidal IN-OUT\"" for interpolation"
"SinInterp_Modes_1_Inputs_0_Description",""
"SinInterp_Modes_1_Inputs_1_Description",""
"SinInterp_Modes_1_Inputs_2_Description",""
"SinInterp_Modes_1_Outputs_0_Description",""
"SinInterp_Modes_2_DisplayName","Sinusoidal OUT"
"SinInterp_Modes_2_Description","Uses \""Sinusoidal OUT\"" for interpolation"
"SinInterp_Modes_2_Inputs_0_Description",""
"SinInterp_Modes_2_Inputs_1_Description",""
"SinInterp_Modes_2_Inputs_2_Description",""
"SinInterp_Modes_2_Outputs_0_Description",""
"SinRad_DisplayName","Sin (Radians)"
"SinRad_Description","Returns sin(Rad)"
"SinRad_Inputs_0_DisplayName","Rad"
"SinRad_Inputs_0_Description",""
"SinRad_Outputs_0_Description",""
"Siren_DisplayName","Alarm [WIP]"
"Siren_Description","Plays an alarm sound with configurable range, volume, and pitch.\r\n\r\nWORK IN PROGRESS. THIS WILL WORK AND LOOK BETTER LATER."
"Siren_Modes_0_DisplayName","Sound 1"
"Siren_Modes_0_Description","Sound 1 for alarm.\r\nAll sounds are credited on mod page!"
"Siren_Modes_0_Inputs_0_DisplayName","Activate"
"Siren_Modes_0_Inputs_0_Description",""
"Siren_Modes_0_Inputs_1_DisplayName","Volume"
"Siren_Modes_0_Inputs_1_Description",""
"Siren_Modes_0_Inputs_2_DisplayName","Range"
"Siren_Modes_0_Inputs_2_Description",""
"Siren_Modes_0_Inputs_3_DisplayName","Pitch"
"Siren_Modes_0_Inputs_3_Description",""
"Siren_Modes_1_DisplayName","Sound 2"
"Siren_Modes_1_Description","Sound 2 for alarm.\r\nAll sounds are credited on mod page!"
"Siren_Modes_1_Inputs_0_DisplayName","Activate"
"Siren_Modes_1_Inputs_0_Description",""
"Siren_Modes_1_Inputs_1_DisplayName","Volume"
"Siren_Modes_1_Inputs_1_Description",""
"Siren_Modes_1_Inputs_2_DisplayName","Range"
"Siren_Modes_1_Inputs_2_Description",""
"Siren_Modes_1_Inputs_3_DisplayName","Pitch"
"Siren_Modes_1_Inputs_3_Description",""
"Siren_Modes_2_DisplayName","Sound 3"
"Siren_Modes_2_Description","Sound 3 for alarm.\r\nAll sounds are credited on mod page!"
"Siren_Modes_2_Inputs_0_DisplayName","Activate"
"Siren_Modes_2_Inputs_0_Description",""
"Siren_Modes_2_Inputs_1_DisplayName","Volume"
"Siren_Modes_2_Inputs_1_Description",""
"Siren_Modes_2_Inputs_2_DisplayName","Range"
"Siren_Modes_2_Inputs_2_Description",""
"Siren_Modes_2_Inputs_3_DisplayName","Pitch"
"Siren_Modes_2_Inputs_3_Description",""
"SoundEmitter_DisplayName","Sine Wave Generator"
"SoundEmitter_Description","Generates sine wave noise"
"SoundEmitter_Inputs_0_DisplayName","Enable"
"SoundEmitter_Inputs_0_Description",""
"SoundEmitter_Inputs_1_DisplayName","Frequency"
"SoundEmitter_Inputs_1_Description",""
"SoundEmitter_Inputs_2_DisplayName","Volume"
"SoundEmitter_Inputs_2_Description",""
"SoundEmitter_Inputs_3_DisplayName","Range"
"SoundEmitter_Inputs_3_Description",""
"SplitString_DisplayName","Split (Explode string)"
"SplitString_Description","Splits string to an array of strings based on the separator."
"SplitString_Inputs_0_Description",""
"SplitString_Inputs_1_DisplayName","Separator"
"SplitString_Inputs_1_Description",""
"SplitString_Inputs_2_DisplayName","Remove empty elements"
"SplitString_Inputs_2_Description",""
"SplitString_Outputs_0_Description",""
"SquareRoot_DisplayName","Square Root"
"SquareRoot_Description","Returns square root of input"
"SquareRoot_Inputs_0_Description",""
"SquareRoot_Outputs_0_Description",""
"SR_Latch_DisplayName","SR Latch"
"SR_Latch_Description","If S was set to true then Out is set to true and ~Out is set to false.\r\nIf R was set to true then Out is set to false and ~Out is set to true. \r\nIf both inputs are true both outputs are false."
"SR_Latch_Inputs_0_DisplayName","S"
"SR_Latch_Inputs_0_Description",""
"SR_Latch_Inputs_1_DisplayName","R"
"SR_Latch_Inputs_1_Description",""
"SR_Latch_Outputs_0_Description",""
"SR_Latch_Outputs_1_DisplayName","~Out"
"SR_Latch_Outputs_1_Description",""
"SR_Latch_EN_DisplayName","SR Latch with Enable"
"SR_Latch_EN_Description","When \""EN\"" is true, the gate processes inputs:\r\nIf S was set to true then Out is set to true and ~Out is set to false.\r\nIf R was set to true then Out is set to false and ~Out is set to true. \r\nIf both inputs are true both outputs are false."
"SR_Latch_EN_Inputs_0_DisplayName","S"
"SR_Latch_EN_Inputs_0_Description",""
"SR_Latch_EN_Inputs_1_DisplayName","R"
"SR_Latch_EN_Inputs_1_Description",""
"SR_Latch_EN_Inputs_2_DisplayName","EN"
"SR_Latch_EN_Inputs_2_Description",""
"SR_Latch_EN_Outputs_0_Description",""
"SR_Latch_EN_Outputs_1_DisplayName","~Out"
"SR_Latch_EN_Outputs_1_Description",""
"StepInterpolation_DisplayName","Step"
"StepInterpolation_Description","Simple step interpolation based on alpha.\r\nAlpha is in a range 0-1, where 0 is value A, 0.5 is in the middle between A and B, and 1 is value B."
"StepInterpolation_Inputs_0_Description",""
"StepInterpolation_Inputs_1_Description",""
"StepInterpolation_Inputs_2_Description",""
"StepInterpolation_Inputs_3_DisplayName","Steps"
"StepInterpolation_Inputs_3_Description",""
"StepInterpolation_Outputs_0_Description",""
"StringCase_DisplayName","String Case"
"StringCase_Description","Modifies string to be lowercase or UPPERCASE."
"StringCase_Modes_0_DisplayName","To lowercase"
"StringCase_Modes_0_Description","Converts string to lowercase.\r\nI.e. TEXT -> text; tExT -> text;"
"StringCase_Modes_0_Inputs_0_Description",""
"StringCase_Modes_0_Outputs_0_Description",""
"StringCase_Modes_1_DisplayName","To UPPERCASE"
"StringCase_Modes_1_Description","Converts string to uppercase.\r\nI.e. text -> TEXT; tExT -> TEXT;"
"StringCase_Modes_1_Inputs_0_Description",""
"StringCase_Modes_1_Outputs_0_Description",""
"StringCase_Modes_2_DisplayName","To Titlecase"
"StringCase_Modes_2_Description","Converts string to titlecase.\r\nI.e. text -> Text; tExT -> Text;"
"StringCase_Modes_2_Inputs_0_Description",""
"StringCase_Modes_2_Outputs_0_Description",""
"StringCase_Modes_3_DisplayName","To SaRcAsMcAsE"
"StringCase_Modes_3_Description","Why would you even need that"
"StringCase_Modes_3_Inputs_0_Description",""
"StringCase_Modes_3_Outputs_0_Description",""
"StringLength_DisplayName","Length"
"StringLength_Description","Returns string\'s length."
"StringLength_Inputs_0_Description",""
"StringLength_Outputs_0_Description",""
"StringToBool_DisplayName","String To Bool"
"StringToBool_Description","Converts string to bool.\r\nIf the input is equal to \""true\"", \""yes\"", \""1\"" (case insensitive) - returns true.\r\nElse returns false."
"StringToBool_Inputs_0_Description",""
"StringToBool_Outputs_0_Description",""
"StringToColor_DisplayName","String To Color"
"StringToColor_Description","Converts string input to color output"
"StringToColor_Inputs_0_Description",""
"StringToColor_Outputs_0_Description",""
"StringToNumber_DisplayName","String To Number"
"StringToNumber_Description","Converts string input to number output"
"StringToNumber_Inputs_0_Description",""
"StringToNumber_Outputs_0_Description",""
"StringToVector_DisplayName","String To Vector"
"StringToVector_Description","Converts string input to vector"
"StringToVector_Inputs_0_Description",""
"StringToVector_Outputs_0_Description",""
"StringToVector_Outputs_1_DisplayName","Success"
"StringToVector_Outputs_1_Description",""
"Substring_DisplayName","Substring"
"Substring_Description","Returns the substring of input string."
"Substring_Inputs_0_Description",""
"Substring_Inputs_1_DisplayName","StartIndex"
"Substring_Inputs_1_Description",""
"Substring_Inputs_2_DisplayName","Length"
"Substring_Inputs_2_Description",""
"Substring_Outputs_0_Description",""
"Subtract_DisplayName","Subtract"
"Subtract_Description","A-B"
"Subtract_Inputs_0_Description",""
"Subtract_Inputs_1_Description",""
"Subtract_Outputs_0_Description",""
"T_FlipFlop_DisplayName","T Flip Flop"
"T_FlipFlop_Description","When CLK (clock type signal) is true, and T is true, inverts the output."
"T_FlipFlop_Inputs_0_DisplayName","T"
"T_FlipFlop_Inputs_0_Description",""
"T_FlipFlop_Inputs_1_DisplayName","CLK"
"T_FlipFlop_Inputs_1_Description",""
"T_FlipFlop_Outputs_0_Description",""
"TanDeg_DisplayName","Tan (Degrees)"
"TanDeg_Description","Returns tan(Deg)"
"TanDeg_Inputs_0_DisplayName","Deg"
"TanDeg_Inputs_0_Description",""
"TanDeg_Outputs_0_Description",""
"TanRad_DisplayName","Tan (Radians)"
"TanRad_Description","Returns tan(Rad)"
"TanRad_Inputs_0_DisplayName","Rad"
"TanRad_Inputs_0_Description",""
"TanRad_Outputs_0_Description",""
"TestBuilding_DisplayName","AAAA"
"TestBuilding_Description","BBBB"
"Timer_DisplayName","Timer"
"Timer_Description","Timer can be used to trigger something after a delay or used as a clock."
"Timer_Inputs_0_DisplayName","Run"
"Timer_Inputs_0_Description",""
"Timer_Inputs_1_DisplayName","Time"
"Timer_Inputs_1_Description","Time in seconds"
"Timer_Inputs_2_DisplayName","Looping"
"Timer_Inputs_2_Description","Whether the timer should restart after it reached 0"
"Timer_Outputs_0_DisplayName","Clk"
"Timer_Outputs_0_Description",""
"Timer_Outputs_1_DisplayName","Time Passed"
"Timer_Outputs_1_Description",""
"ToByte_DisplayName","Get Byte "
"ToByte_Description","Gets byte representation of input char."
"ToByte_Inputs_0_Description",""
"ToByte_Inputs_1_DisplayName","Char index"
"ToByte_Inputs_1_Description",""
"ToByte_Outputs_0_Description",""
"ToString_DisplayName","To String"
"ToString_Description","Converts input value to a string"
"ToString_Modes_0_DisplayName","Convert any"
"ToString_Modes_0_Description",""
"ToString_Modes_0_Inputs_0_Description",""
"ToString_Modes_0_Outputs_0_Description",""
"ToString_Modes_1_DisplayName","Convert number"
"ToString_Modes_1_Description",""
"ToString_Modes_1_Inputs_0_Description",""
"ToString_Modes_1_Inputs_1_DisplayName","Truncate"
"ToString_Modes_1_Inputs_1_Description",""
"ToString_Modes_1_Inputs_2_DisplayName","Min Fractional Digits"
"ToString_Modes_1_Inputs_2_Description",""
"ToString_Modes_1_Inputs_3_DisplayName","Max Fractional Digits"
"ToString_Modes_1_Inputs_3_Description",""
"ToString_Modes_1_Outputs_0_Description",""
"ToStringArray_DisplayName","To String Array"
"ToStringArray_Description","Converts input array to array of strings"
"ToStringArray_Modes_0_DisplayName","Convert any array"
"ToStringArray_Modes_0_Description",""
"ToStringArray_Modes_0_Inputs_0_Description",""
"ToStringArray_Modes_0_Outputs_0_Description",""
"ToStringArray_Modes_1_DisplayName","Convert number array"
"ToStringArray_Modes_1_Description",""
"ToStringArray_Modes_1_Inputs_0_Description",""
"ToStringArray_Modes_1_Inputs_1_DisplayName","Truncate"
"ToStringArray_Modes_1_Inputs_1_Description",""
"ToStringArray_Modes_1_Inputs_2_DisplayName","Min Fractional Digits"
"ToStringArray_Modes_1_Inputs_2_Description",""
"ToStringArray_Modes_1_Inputs_3_DisplayName","Max Fractional Digits"
"ToStringArray_Modes_1_Inputs_3_Description",""
"ToStringArray_Modes_1_Outputs_0_Description",""
"Transistor_DisplayName","Memory Cell"
"Transistor_Description","Saves the input value of any type if \""Accept Value\"" is true, changes the output type accordingly.\r\n\r\nWARNING: CANNOT STORE INVENTORY OR POWER GRID!\r\n"
"Transistor_Inputs_0_DisplayName","Input"
"Transistor_Inputs_0_Description","Value to store"
"Transistor_Inputs_1_DisplayName","Accept Value"
"Transistor_Inputs_1_Description","When true, stores the value"
"Transistor_Inputs_2_DisplayName","Reset Value"
"Transistor_Inputs_2_Description","When true, clears the stored value"
"Transistor_Outputs_0_Description",""
"TrimString_DisplayName","Trim"
"TrimString_Description","Trims the whitespace characters at the start and end of a string"
"TrimString_Inputs_0_Description",""
"TrimString_Outputs_0_Description",""
"TruncateNumber_DisplayName","Truncate"
"TruncateNumber_Description","Removes the decimal part of a number without rounding it."
"TruncateNumber_Inputs_0_Description",""
"TruncateNumber_Outputs_0_Description",""
"VectorAdd_DisplayName","Add Vectors"
"VectorAdd_Description","Adds vectors"
"VectorAdd_Inputs_0_Description",""
"VectorAdd_Inputs_1_Description",""
"VectorAdd_Outputs_0_Description",""
"VectorDistance_DisplayName","Distance"
"VectorDistance_Description","Returns the distance between two vectors"
"VectorDistance_Inputs_0_Description",""
"VectorDistance_Inputs_1_Description",""
"VectorDistance_Outputs_0_Description",""
"VectorDivide_DisplayName","Divide vectors"
"VectorDivide_Description","Divides vector A by vector B\r\nX1/X2 -> X\r\nY1/Y2 -> Y\r\nZ1/Z2 -> Z"
"VectorDivide_Inputs_0_Description",""
"VectorDivide_Inputs_1_Description",""
"VectorDivide_Outputs_0_Description",""
"VectorEqual_DisplayName","Equals (Vector)"
"VectorEqual_Description","Checks if 2 vectors are equal (error tolerance is 0.0 by default)"
"VectorEqual_Inputs_0_Description",""
"VectorEqual_Inputs_1_Description",""
"VectorEqual_Inputs_2_DisplayName","Tolerance"
"VectorEqual_Inputs_2_Description",""
"VectorEqual_Outputs_0_Description",""
"VectorMultiply_DisplayName","Multiply vectors"
"VectorMultiply_Description","Multiplies 2 vectors together.\r\nX1 * X2 -> X\r\nY1 * Y2 -> Y\r\nZ1 * Z2 -> Z"
"VectorMultiply_Inputs_0_Description",""
"VectorMultiply_Inputs_1_Description",""
"VectorMultiply_Outputs_0_Description",""
"VectorNumberDivide_DisplayName","Divide vector by number"
"VectorNumberDivide_Description","Divides vector A by number B\r\nX / B -> X\r\nY / B -> Y\r\nZ / B -> Z"
"VectorNumberDivide_Inputs_0_Description",""
"VectorNumberDivide_Inputs_1_Description",""
"VectorNumberDivide_Outputs_0_Description",""
"VectorNumberMultiply_DisplayName","Multiply vector by number"
"VectorNumberMultiply_Description","Multiplies vector A by number B\r\nX * B -> X\r\nY * B -> Y\r\nZ * B -> Z"
"VectorNumberMultiply_Inputs_0_Description",""
"VectorNumberMultiply_Inputs_1_Description",""
"VectorNumberMultiply_Outputs_0_Description",""
"VectorSubtract_DisplayName","Subtract Vector"
"VectorSubtract_Description","Subtracts vectors"
"VectorSubtract_Inputs_0_Description",""
"VectorSubtract_Inputs_1_Description",""
"VectorSubtract_Outputs_0_Description",""
"VectorToColor_DisplayName","Vector To Color"
"VectorToColor_Description","Converts vector input to color output"
"VectorToColor_Inputs_0_Description",""
"VectorToColor_Inputs_1_DisplayName","Alpha (Opacity)"
"VectorToColor_Inputs_1_Description","Opacity for this color"
"VectorToColor_Outputs_0_Description",""
"WiremodConveyorLimiter_DisplayName","Conveyor Limiter"
"WiremodConveyorLimiter_Description","Can be disabled to not let any items through.\r\nCalculates throughput rate every second, takes 60 seconds to get the full values.\r\n\r\nCannot snap to conveyor belts by itself. You have to manually connect the conveyors."
"WiremodConveyorLimiter_Inputs_0_DisplayName","Set Enabled"
"WiremodConveyorLimiter_Inputs_0_Description",""
"WiremodConveyorLimiter_Inputs_1_DisplayName","Reset Total Passed"
"WiremodConveyorLimiter_Inputs_1_Description",""
"WiremodConveyorLimiter_Outputs_0_DisplayName","Enabled"
"WiremodConveyorLimiter_Outputs_0_Description",""
"WiremodConveyorLimiter_Outputs_1_DisplayName","Throughput"
"WiremodConveyorLimiter_Outputs_1_Description",""
"WiremodConveyorLimiter_Outputs_2_DisplayName","Total Items Passed"
"WiremodConveyorLimiter_Outputs_2_Description",""
"WiremodConveyorLimiter_Outputs_3_DisplayName","Throughput Graph"
"WiremodConveyorLimiter_Outputs_3_Description",""
"XNOR_Gate_DisplayName","XNOR (Even)"
"XNOR_Gate_Description","Returns true if an even number of inputs returned true"
"XNOR_Gate_Modes_0_DisplayName","Default"
"XNOR_Gate_Modes_0_Description","Default mode of this gate.\r\nReturns true if an even number of inputs returned true."
"XNOR_Gate_Modes_0_Inputs_0_Description",""
"XNOR_Gate_Modes_0_Inputs_1_Description",""
"XNOR_Gate_Modes_0_Inputs_2_Description",""
"XNOR_Gate_Modes_0_Inputs_3_Description",""
"XNOR_Gate_Modes_0_Inputs_4_Description",""
"XNOR_Gate_Modes_0_Inputs_5_Description",""
"XNOR_Gate_Modes_0_Inputs_6_Description",""
"XNOR_Gate_Modes_0_Inputs_7_Description",""
"XNOR_Gate_Modes_0_Outputs_0_Description",""
"XNOR_Gate_Modes_1_DisplayName","Array"
"XNOR_Gate_Modes_1_Description","Array mode of this gate.\r\nHas a bool array input, returns true if an even number of array elements are true."
"XNOR_Gate_Modes_1_Inputs_0_Description",""
"XNOR_Gate_Modes_1_Outputs_0_Description",""
"XOR_Gate_DisplayName","XOR (Odd)"
"XOR_Gate_Description","Returns true if an odd number of inputs returned true"
"XOR_Gate_Modes_0_DisplayName","Default"
"XOR_Gate_Modes_0_Description","Default mode of this gate.\r\nReturns true if an odd number of inputs returned true."
"XOR_Gate_Modes_0_Inputs_0_Description",""
"XOR_Gate_Modes_0_Inputs_1_Description",""
"XOR_Gate_Modes_0_Inputs_2_Description",""
"XOR_Gate_Modes_0_Inputs_3_Description",""
"XOR_Gate_Modes_0_Inputs_4_Description",""
"XOR_Gate_Modes_0_Inputs_5_Description",""
"XOR_Gate_Modes_0_Inputs_6_Description",""
"XOR_Gate_Modes_0_Inputs_7_Description",""
"XOR_Gate_Modes_0_Outputs_0_Description",""
"XOR_Gate_Modes_1_DisplayName","Array"
"XOR_Gate_Modes_1_Description","Array mode of this gate.\r\nHas a bool array input, returns true if an odd number of array elements are true."
"XOR_Gate_Modes_1_Inputs_0_Description",""
"XOR_Gate_Modes_1_Outputs_0_Description",""
